,DATE,TEMP,PRCP,SNOW,WIND,CRIMES,ARRESTS
0,2019-01-01,31.0,0.01,0.1,7.61,1012,199
1,2019-01-02,28.0,0.01,0.1,8.72,650,144
2,2019-01-03,29.0,0.0,0.0,11.63,751,143
3,2019-01-04,37.0,0.0,0.0,8.05,765,190
4,2019-01-05,39.0,0.0,0.0,8.28,790,207
5,2019-01-06,38.0,0.0,0.0,11.63,663,161
6,2019-01-07,44.0,0.44,0.0,15.66,674,142
7,2019-01-08,41.0,0.0,0.0,14.54,700,136
8,2019-01-09,23.0,0.0,0.0,13.65,629,144
9,2019-01-10,18.0,0.0,0.0,4.47,684,152
10,2019-01-11,23.0,0.0,0.0,4.92,784,192
11,2019-01-12,30.0,0.12,2.2,11.41,669,167
12,2019-01-13,30.0,0.01,0.3,12.53,572,158
13,2019-01-14,25.0,0.0,0.0,8.28,635,146
14,2019-01-15,26.0,0.0,0.0,11.18,695,162
15,2019-01-16,31.0,0.0,0.0,9.4,699,157
16,2019-01-17,30.0,0.0,0.0,5.59,651,154
17,2019-01-18,30.0,0.12,1.3,10.51,666,150
18,2019-01-19,26.0,0.18,3.7,20.13,519,119
19,2019-01-20,12.0,0.0,0.0,13.42,493,118
20,2019-01-21,9.0,0.0,0.1,8.5,555,128
21,2019-01-22,19.0,0.18,0.5,9.4,623,152
22,2019-01-23,29.0,0.22,1.0,9.84,660,185
23,2019-01-24,17.0,0.0,0.4,11.63,605,136
24,2019-01-25,1.0,0.03,0.7,9.4,584,139
25,2019-01-26,2.0,0.06,1.7,5.82,530,126
26,2019-01-27,4.0,0.0,0.0,6.93,522,118
27,2019-01-28,18.0,0.53,5.0,12.75,521,108
28,2019-01-29,6.0,0.0,0.3,14.54,492,99
29,2019-01-30,-15.0,0.0,0.0,15.21,341,64
30,2019-01-31,-15.0,0.05,0.8,6.26,458,80
31,2019-02-01,7.0,0.02,0.9,5.14,748,162
32,2019-02-02,26.0,0.0,0.0,11.18,721,162
33,2019-02-03,42.0,0.0,0.0,10.07,592,129
34,2019-02-04,47.0,0.05,0.0,11.41,732,136
35,2019-02-05,29.0,0.31,0.0,9.4,651,151
36,2019-02-06,33.0,0.01,0.0,8.5,635,153
37,2019-02-07,36.0,0.71,0.0,12.97,670,138
38,2019-02-08,11.0,0.0,0.0,17.67,642,141
39,2019-02-09,12.0,0.0,0.0,5.82,755,201
40,2019-02-10,23.0,0.04,0.7,6.93,638,140
41,2019-02-11,28.0,0.19,0.1,12.3,623,154
42,2019-02-12,32.0,0.35,1.5,13.65,664,164
43,2019-02-13,18.0,0.01,0.6,12.75,642,162
44,2019-02-14,36.0,0.0,0.0,10.51,741,169
45,2019-02-15,23.0,0.0,0.0,12.53,737,164
46,2019-02-16,19.0,0.0,0.0,8.95,676,146
47,2019-02-17,25.0,0.2,3.1,11.18,617,137
48,2019-02-18,25.0,0.06,1.8,7.61,589,135
49,2019-02-19,22.0,0.0,0.0,4.7,607,126
50,2019-02-20,31.0,0.09,0.2,13.87,630,138
51,2019-02-21,31.0,0.0,0.0,10.74,696,150
52,2019-02-22,29.0,0.0,0.0,7.61,707,163
53,2019-02-23,36.0,0.75,0.0,10.29,645,149
54,2019-02-24,37.0,0.02,0.0,24.38,546,144
55,2019-02-25,12.0,0.0,0.0,10.51,595,137
56,2019-02-26,17.0,0.0,0.1,12.53,606,134
57,2019-02-27,25.0,0.0,0.0,10.07,647,159
58,2019-02-28,18.0,0.0,0.0,4.47,591,131
59,2019-03-01,27.0,0.0,0.0,5.82,740,164
60,2019-03-02,29.0,0.0,0.0,8.5,661,169
61,2019-03-03,22.0,0.0,0.0,12.08,551,115
62,2019-03-04,5.0,0.0,0.0,14.99,543,127
63,2019-03-05,12.0,0.0,0.2,15.43,539,123
64,2019-03-06,16.0,0.0,0.0,11.86,626,138
65,2019-03-07,23.0,0.0,0.0,6.04,606,137
66,2019-03-08,28.0,0.0,0.1,5.37,712,159
67,2019-03-09,33.0,0.56,0.0,14.09,616,155
68,2019-03-10,37.0,0.0,0.0,19.69,610,150
69,2019-03-11,32.0,0.0,0.0,9.62,699,136
70,2019-03-12,35.0,0.0,0.0,9.17,625,151
71,2019-03-13,45.0,0.54,0.0,11.86,688,169
72,2019-03-14,55.0,0.4,0.0,20.36,674,167
73,2019-03-15,38.0,0.0,0.0,14.99,735,167
74,2019-03-16,34.0,0.0,0.0,8.5,765,179
75,2019-03-17,35.0,0.0,0.0,7.61,610,144
76,2019-03-18,35.0,0.0,0.0,7.61,650,134
77,2019-03-19,39.0,0.0,0.0,7.83,637,158
78,2019-03-20,42.0,0.14,0.0,8.5,688,144
79,2019-03-21,40.0,0.0,0.0,11.18,688,160
80,2019-03-22,40.0,0.0,0.0,10.96,706,154
81,2019-03-23,36.0,0.0,0.0,4.47,690,185
82,2019-03-24,45.0,0.05,0.0,8.72,648,140
83,2019-03-25,36.0,0.0,0.0,17.45,638,153
84,2019-03-26,35.0,0.0,0.0,4.92,672,141
85,2019-03-27,42.0,0.01,0.0,12.08,694,168
86,2019-03-28,53.0,0.0,0.0,12.08,682,148
87,2019-03-29,47.0,0.32,0.0,8.5,674,153
88,2019-03-30,40.0,0.07,0.0,12.97,664,192
89,2019-03-31,31.0,0.0,0.0,11.41,634,160
90,2019-04-01,35.0,0.0,0.0,12.75,773,142
91,2019-04-02,45.0,0.0,0.0,14.09,654,162
92,2019-04-03,45.0,0.0,0.0,9.4,681,147
93,2019-04-04,46.0,0.25,0.0,9.84,660,147
94,2019-04-05,44.0,0.0,0.0,3.58,703,162
95,2019-04-06,52.0,0.0,0.0,4.92,741,169
96,2019-04-07,56.0,0.39,0.0,8.28,703,174
97,2019-04-08,61.0,0.0,0.0,8.5,743,179
98,2019-04-09,60.0,0.0,0.0,11.86,692,159
99,2019-04-10,40.0,0.13,0.0,17.9,656,133
100,2019-04-11,42.0,0.28,0.0,16.11,746,154
101,2019-04-12,48.0,0.07,0.0,16.55,776,173
102,2019-04-13,42.0,0.0,0.0,12.3,753,162
103,2019-04-14,37.0,0.69,5.4,18.12,536,104
104,2019-04-15,38.0,0.0,0.0,8.28,716,138
105,2019-04-16,56.0,0.0,0.0,10.29,704,152
106,2019-04-17,55.0,0.0,0.0,12.08,687,170
107,2019-04-18,58.0,0.31,0.0,12.08,625,125
108,2019-04-19,45.0,0.0,0.0,25.95,647,146
109,2019-04-20,49.0,0.0,0.0,13.87,730,171
110,2019-04-21,58.0,0.0,0.0,8.72,646,153
111,2019-04-22,68.0,0.02,0.0,13.2,732,169
112,2019-04-23,59.0,0.0,0.0,8.95,739,167
113,2019-04-24,53.0,0.0,0.0,5.82,702,152
114,2019-04-25,57.0,0.19,0.0,6.71,764,157
115,2019-04-26,56.0,0.02,0.0,14.32,758,151
116,2019-04-27,42.0,0.79,2.5,12.53,628,127
117,2019-04-28,39.0,0.0,0.0,9.62,605,139
118,2019-04-29,45.0,1.58,0.0,8.95,715,131
119,2019-04-30,44.0,1.3,0.0,12.53,726,150
120,2019-05-01,50.0,0.8,0.0,8.28,790,142
121,2019-05-02,44.0,0.61,0.0,10.29,698,141
122,2019-05-03,47.0,0.01,0.0,11.18,789,178
123,2019-05-04,49.0,0.0,0.0,5.37,699,156
124,2019-05-05,58.0,0.0,0.0,6.49,776,142
125,2019-05-06,59.0,0.05,0.0,10.07,784,160
126,2019-05-07,46.0,0.42,0.0,14.54,699,153
127,2019-05-08,50.0,0.32,0.0,12.08,757,170
128,2019-05-09,61.0,0.79,0.0,11.41,733,175
129,2019-05-10,50.0,0.0,0.0,8.5,792,185
130,2019-05-11,48.0,0.12,0.0,8.5,693,140
131,2019-05-12,46.0,0.05,0.0,11.41,630,148
132,2019-05-13,50.0,0.0,0.0,7.38,787,151
133,2019-05-14,54.0,0.0,0.0,4.7,718,159
134,2019-05-15,62.0,0.0,0.0,5.14,759,157
135,2019-05-16,66.0,0.44,0.0,9.62,739,161
136,2019-05-17,58.0,0.06,0.0,12.3,767,181
137,2019-05-18,56.0,0.41,0.0,7.61,754,155
138,2019-05-19,63.0,0.07,0.0,14.54,774,175
139,2019-05-20,53.0,0.0,0.0,10.51,806,144
140,2019-05-21,49.0,0.33,0.0,14.99,722,149
141,2019-05-22,61.0,0.59,0.0,14.76,767,146
142,2019-05-23,70.0,0.08,0.0,11.41,770,187
143,2019-05-24,62.0,0.26,0.0,7.61,845,200
144,2019-05-25,74.0,0.0,0.0,11.63,872,203
145,2019-05-26,70.0,0.0,0.0,5.82,825,206
146,2019-05-27,61.0,1.92,0.0,7.61,745,186
147,2019-05-28,65.0,0.63,0.0,9.4,745,154
148,2019-05-29,60.0,0.07,0.0,6.49,734,147
149,2019-05-30,66.0,0.22,0.0,6.71,743,160
150,2019-05-31,71.0,0.0,0.0,9.4,821,158
151,2019-06-01,71.0,0.0,0.0,8.95,900,161
152,2019-06-02,60.0,0.0,0.0,8.72,731,143
153,2019-06-03,58.0,0.0,0.0,8.05,705,159
154,2019-06-04,64.0,0.29,0.0,10.51,767,141
155,2019-06-05,74.0,0.29,0.0,9.4,783,165
156,2019-06-06,65.0,0.0,0.0,6.93,739,159
157,2019-06-07,66.0,0.0,0.0,8.95,818,174
158,2019-06-08,67.0,0.0,0.0,9.17,879,188
159,2019-06-09,69.0,0.0,0.0,5.82,804,168
160,2019-06-10,67.0,0.0,0.0,13.65,797,139
161,2019-06-11,69.0,0.0,0.0,8.28,770,178
162,2019-06-12,67.0,0.75,0.0,10.07,712,149
163,2019-06-13,58.0,0.05,0.0,14.09,695,141
164,2019-06-14,65.0,0.05,0.0,14.54,799,152
165,2019-06-15,67.0,0.02,0.0,8.28,825,165
166,2019-06-16,57.0,0.07,0.0,9.62,721,158
167,2019-06-17,59.0,0.0,0.0,7.61,749,159
168,2019-06-18,64.0,0.0,0.0,4.25,711,140
169,2019-06-19,67.0,0.18,0.0,9.4,800,184
170,2019-06-20,60.0,0.28,0.0,9.84,729,151
171,2019-06-21,63.0,0.0,0.0,7.16,771,159
172,2019-06-22,67.0,0.0,0.0,10.29,815,182
173,2019-06-23,73.0,0.38,0.0,10.29,808,169
174,2019-06-24,71.0,0.17,0.0,9.62,806,148
175,2019-06-25,72.0,0.14,0.0,11.18,776,153
176,2019-06-26,78.0,0.15,0.0,5.82,791,157
177,2019-06-27,77.0,0.02,0.0,7.61,747,167
178,2019-06-28,76.0,0.01,0.0,7.61,841,177
179,2019-06-29,78.0,0.0,0.0,5.14,860,183
180,2019-06-30,78.0,0.2,0.0,5.82,803,141
181,2019-07-01,77.0,0.0,0.0,6.26,885,160
182,2019-07-02,84.0,0.01,0.0,9.84,768,185
183,2019-07-03,78.0,0.41,0.0,6.71,801,171
184,2019-07-04,78.0,0.0,0.0,8.28,800,187
185,2019-07-05,81.0,0.47,0.0,6.04,889,208
186,2019-07-06,78.0,0.0,0.0,12.53,812,203
187,2019-07-07,70.0,0.0,0.0,13.87,773,184
188,2019-07-08,71.0,0.0,0.0,6.71,830,163
189,2019-07-09,74.0,0.0,0.0,7.16,742,167
190,2019-07-10,83.0,0.01,0.0,10.51,834,168
191,2019-07-11,78.0,0.0,0.0,8.05,763,138
192,2019-07-12,72.0,0.0,0.0,6.04,781,167
193,2019-07-13,82.0,0.0,0.0,9.62,888,192
194,2019-07-14,79.0,0.0,0.0,6.49,788,153
195,2019-07-15,81.0,0.0,0.0,11.63,820,158
196,2019-07-16,77.0,0.05,0.0,6.49,753,156
197,2019-07-17,80.0,0.47,0.0,5.37,800,171
198,2019-07-18,77.0,1.36,0.0,10.96,754,134
199,2019-07-19,85.0,0.0,0.0,11.86,793,166
200,2019-07-20,85.0,0.08,0.0,11.63,820,190
201,2019-07-21,74.0,0.76,0.0,12.3,772,164
202,2019-07-22,70.0,0.0,0.0,12.75,789,137
203,2019-07-23,70.0,0.0,0.0,7.61,780,152
204,2019-07-24,71.0,0.0,0.0,5.14,739,142
205,2019-07-25,73.0,0.0,0.0,4.92,795,156
206,2019-07-26,76.0,0.0,0.0,9.4,808,188
207,2019-07-27,80.0,0.0,0.0,13.65,821,152
208,2019-07-28,81.0,0.0,0.0,11.41,827,182
209,2019-07-29,77.0,0.32,0.0,8.05,806,167
210,2019-07-30,73.0,0.0,0.0,7.83,766,161
211,2019-07-31,69.0,0.0,0.0,8.95,708,129
212,2019-08-01,69.0,0.0,0.0,6.93,869,158
213,2019-08-02,72.0,0.0,0.0,5.37,873,172
214,2019-08-03,75.0,0.0,0.0,3.8,863,169
215,2019-08-04,79.0,0.0,0.0,4.7,838,152
216,2019-08-05,79.0,0.0,0.0,8.28,804,164
217,2019-08-06,76.0,0.01,0.0,6.71,772,153
218,2019-08-07,77.0,0.0,0.0,7.83,753,171
219,2019-08-08,79.0,0.01,0.0,10.07,813,179
220,2019-08-09,73.0,0.0,0.0,5.82,794,175
221,2019-08-10,74.0,0.0,0.0,5.37,796,156
222,2019-08-11,74.0,0.0,0.0,7.38,802,170
223,2019-08-12,76.0,0.5,0.0,4.92,704,130
224,2019-08-13,75.0,0.19,0.0,6.71,758,156
225,2019-08-14,72.0,0.0,0.0,7.16,784,169
226,2019-08-15,70.0,0.0,0.0,7.83,801,168
227,2019-08-16,72.0,0.0,0.0,7.61,764,166
228,2019-08-17,73.0,0.18,0.0,4.92,804,168
229,2019-08-18,74.0,0.86,0.0,7.83,756,161
230,2019-08-19,76.0,0.0,0.0,4.7,779,164
231,2019-08-20,74.0,0.35,0.0,3.8,718,142
232,2019-08-21,73.0,0.02,0.0,6.26,711,170
233,2019-08-22,71.0,0.0,0.0,10.51,749,136
234,2019-08-23,68.0,0.0,0.0,10.29,766,163
235,2019-08-24,67.0,0.0,0.0,8.05,808,153
236,2019-08-25,69.0,0.0,0.0,10.29,764,172
237,2019-08-26,70.0,1.4,0.0,9.62,723,146
238,2019-08-27,72.0,0.0,0.0,9.84,725,153
239,2019-08-28,68.0,0.0,0.0,11.63,746,158
240,2019-08-29,70.0,0.0,0.0,12.75,768,145
241,2019-08-30,70.0,0.0,0.0,5.82,763,187
242,2019-08-31,67.0,0.11,0.0,9.4,772,190
243,2019-09-01,67.0,0.34,0.0,4.47,866,192
244,2019-09-02,70.0,0.0,0.0,6.49,774,184
245,2019-09-03,72.0,0.22,0.0,12.3,671,146
246,2019-09-04,68.0,0.0,0.0,8.95,678,129
247,2019-09-05,64.0,0.0,0.0,4.92,639,138
248,2019-09-06,67.0,0.0,0.0,11.18,764,164
249,2019-09-07,66.0,0.0,0.0,8.28,727,158
250,2019-09-08,65.0,0.03,0.0,8.28,719,154
251,2019-09-09,67.0,0.02,0.0,7.61,765,158
252,2019-09-10,78.0,0.0,0.0,9.4,712,137
253,2019-09-11,80.0,0.19,0.0,9.17,740,171
254,2019-09-12,72.0,0.28,0.0,8.05,782,159
255,2019-09-13,73.0,1.35,0.0,11.86,809,178
256,2019-09-14,67.0,0.06,0.0,7.61,755,158
257,2019-09-15,71.0,0.43,0.0,8.05,779,154
258,2019-09-16,71.0,0.0,0.0,7.83,803,158
259,2019-09-17,69.0,0.0,0.0,6.04,774,152
260,2019-09-18,71.0,0.0,0.0,7.38,746,158
261,2019-09-19,72.0,0.01,0.0,5.59,779,167
262,2019-09-20,74.0,0.0,0.0,3.8,810,151
263,2019-09-21,75.0,0.17,0.0,12.08,754,147
264,2019-09-22,72.0,1.47,0.0,10.07,656,125
265,2019-09-23,67.0,0.0,0.0,8.95,765,144
266,2019-09-24,67.0,0.0,0.0,12.08,743,149
267,2019-09-25,70.0,0.0,0.0,12.75,703,148
268,2019-09-26,65.0,0.0,0.0,8.95,708,147
269,2019-09-27,63.0,2.28,0.0,10.51,665,124
270,2019-09-28,61.0,0.19,0.0,13.65,691,145
271,2019-09-29,61.0,0.57,0.0,7.61,712,126
272,2019-09-30,71.0,0.0,0.0,8.72,748,145
273,2019-10-01,79.0,0.0,0.0,10.07,848,166
274,2019-10-02,66.0,1.76,0.0,10.51,722,134
275,2019-10-03,61.0,0.57,0.0,10.29,720,134
276,2019-10-04,52.0,0.0,0.0,10.96,706,150
277,2019-10-05,55.0,0.27,0.0,9.4,713,145
278,2019-10-06,59.0,0.0,0.0,9.62,673,149
279,2019-10-07,59.0,0.0,0.0,7.38,739,158
280,2019-10-08,57.0,0.0,0.0,4.25,706,131
281,2019-10-09,60.0,0.0,0.0,7.83,726,161
282,2019-10-10,62.0,0.19,0.0,8.72,643,129
283,2019-10-11,60.0,0.59,0.0,12.3,715,158
284,2019-10-12,43.0,0.0,0.0,13.87,722,157
285,2019-10-13,45.0,0.0,0.0,10.51,695,130
286,2019-10-14,45.0,0.0,0.0,6.93,684,160
287,2019-10-15,50.0,0.0,0.0,10.51,729,131
288,2019-10-16,49.0,0.0,0.0,14.09,734,133
289,2019-10-17,46.0,0.0,0.0,5.59,669,130
290,2019-10-18,47.0,0.0,0.0,6.93,700,130
291,2019-10-19,53.0,0.0,0.0,7.83,709,148
292,2019-10-20,56.0,0.0,0.0,7.38,719,140
293,2019-10-21,56.0,0.05,0.0,15.66,712,114
294,2019-10-22,50.0,0.01,0.0,17.22,653,130
295,2019-10-23,47.0,0.02,0.0,8.72,695,130
296,2019-10-24,47.0,0.0,0.0,6.26,708,172
297,2019-10-25,44.0,0.0,0.0,3.8,746,147
298,2019-10-26,42.0,2.18,0.0,12.53,557,103
299,2019-10-27,49.0,0.04,0.0,9.62,702,132
300,2019-10-28,47.0,0.0,0.0,3.8,658,116
301,2019-10-29,40.0,0.15,0.0,8.28,623,137
302,2019-10-30,36.0,0.62,1.2,12.3,570,110
303,2019-10-31,33.0,0.31,3.4,14.99,581,109
304,2019-11-01,31.0,0.01,0.0,9.62,799,150
305,2019-11-02,38.0,0.0,0.0,10.51,659,117
306,2019-11-03,39.0,0.0,0.0,7.83,714,169
307,2019-11-04,48.0,0.0,0.0,10.74,665,116
308,2019-11-05,38.0,0.0,0.0,7.61,630,135
309,2019-11-06,39.0,0.01,0.0,11.41,654,129
310,2019-11-07,28.0,0.0,0.1,11.18,661,150
311,2019-11-08,23.0,0.0,0.0,7.16,674,145
312,2019-11-09,34.0,0.0,0.0,10.29,706,138
313,2019-11-10,41.0,0.04,0.0,8.5,647,147
314,2019-11-11,28.0,0.25,3.4,16.78,490,119
315,2019-11-12,13.0,0.0,0.0,9.4,539,112
316,2019-11-13,16.0,0.0,0.0,11.63,572,122
317,2019-11-14,27.0,0.01,0.2,7.16,573,126
318,2019-11-15,27.0,0.0,0.0,6.04,747,155
319,2019-11-16,33.0,0.0,0.0,5.37,658,149
320,2019-11-17,33.0,0.04,0.0,6.49,700,152
321,2019-11-18,37.0,0.0,0.0,5.14,675,137
322,2019-11-19,37.0,0.01,0.0,2.91,674,104
323,2019-11-20,41.0,0.0,0.0,6.49,722,141
324,2019-11-21,47.0,0.51,0.0,14.76,658,130
325,2019-11-22,36.0,0.0,0.0,6.71,721,173
326,2019-11-23,31.0,0.0,0.0,6.26,694,147
327,2019-11-24,38.0,0.0,0.0,9.4,696,176
328,2019-11-25,44.0,0.0,0.0,7.16,687,136
329,2019-11-26,41.0,0.37,0.0,7.61,669,149
330,2019-11-27,44.0,0.25,0.0,21.03,632,120
331,2019-11-28,34.0,0.0,0.0,8.28,499,88
332,2019-11-29,36.0,0.0,0.0,6.49,643,143
333,2019-11-30,37.0,0.37,0.0,13.2,660,150
334,2019-12-01,39.0,0.11,0.1,10.07,686,138
335,2019-12-02,32.0,0.0,0.0,10.29,703,140
336,2019-12-03,32.0,0.0,0.0,11.86,685,139
337,2019-12-04,37.0,0.0,0.0,12.08,735,142
338,2019-12-05,36.0,0.0,0.0,6.71,693,120
339,2019-12-06,38.0,0.0,0.0,9.84,731,133
340,2019-12-07,31.0,0.0,0.0,8.28,691,156
341,2019-12-08,38.0,0.0,0.0,10.29,669,148
342,2019-12-09,46.0,0.05,0.0,12.97,696,134
343,2019-12-10,22.0,0.0,0.0,11.86,665,118
344,2019-12-11,18.0,0.0,0.1,7.38,596,110
345,2019-12-12,28.0,0.0,0.0,12.3,651,124
346,2019-12-13,40.0,0.0,0.0,4.92,726,124
347,2019-12-14,33.0,0.0,0.0,9.4,678,121
348,2019-12-15,24.0,0.0,0.0,6.04,652,155
349,2019-12-16,26.0,0.01,0.3,6.71,620,131
350,2019-12-17,25.0,0.0,0.0,10.74,665,117
351,2019-12-18,20.0,0.0,0.0,8.72,639,129
352,2019-12-19,23.0,0.0,0.0,8.5,680,120
353,2019-12-20,30.0,0.0,0.0,5.59,711,135
354,2019-12-21,38.0,0.0,0.0,7.61,740,134
355,2019-12-22,40.0,0.0,0.0,10.07,675,156
356,2019-12-23,42.0,0.0,0.0,7.61,681,117
357,2019-12-24,40.0,0.0,0.0,8.05,608,102
358,2019-12-25,47.0,0.0,0.0,8.72,509,80
359,2019-12-26,56.0,0.0,0.0,11.18,596,128
360,2019-12-27,37.0,0.0,0.0,7.16,672,146
361,2019-12-28,34.0,0.28,0.0,6.93,633,136
362,2019-12-29,52.0,0.93,0.0,10.96,689,151
363,2019-12-30,38.0,0.09,0.7,17.67,613,126
364,2019-12-31,26.0,0.08,0.8,14.54,534,109
365,2018-01-01,-2.0,0.0,0.0,10.74,894,146
366,2018-01-02,-2.0,0.0,0.0,11.18,559,121
367,2018-01-03,11.0,0.0,0.1,12.3,574,108
368,2018-01-04,7.0,0.0,0.0,12.3,601,111
369,2018-01-05,5.0,0.0,0.0,10.74,663,107
370,2018-01-06,5.0,0.0,0.0,6.49,585,114
371,2018-01-07,17.0,0.03,0.0,14.99,533,96
372,2018-01-08,34.0,0.0,0.0,11.86,618,144
373,2018-01-09,31.0,0.0,0.0,6.04,652,156
374,2018-01-10,37.0,0.01,0.0,15.88,717,164
375,2018-01-11,56.0,0.36,0.0,16.33,700,135
376,2018-01-12,23.0,0.0,0.0,19.91,706,134
377,2018-01-13,13.0,0.0,0.0,9.84,617,122
378,2018-01-14,12.0,0.08,0.8,9.4,564,121
379,2018-01-15,19.0,0.14,2.3,10.96,529,110
380,2018-01-16,15.0,0.01,0.6,11.86,614,120
381,2018-01-17,13.0,0.0,0.0,12.3,648,133
382,2018-01-18,21.0,0.0,0.0,14.99,626,131
383,2018-01-19,32.0,0.0,0.0,16.78,708,172
384,2018-01-20,39.0,0.0,0.0,8.28,729,173
385,2018-01-21,40.0,0.0,0.0,3.8,717,156
386,2018-01-22,47.0,0.81,0.0,12.53,724,146
387,2018-01-23,35.0,0.07,0.5,12.75,718,145
388,2018-01-24,29.0,0.02,0.3,6.49,613,138
389,2018-01-25,31.0,0.0,0.0,9.62,641,112
390,2018-01-26,41.0,0.0,0.0,18.57,762,170
391,2018-01-27,47.0,0.0,0.0,12.3,754,181
392,2018-01-28,35.0,0.01,0.0,8.72,671,146
393,2018-01-29,27.0,0.0,0.0,12.08,652,126
394,2018-01-30,21.0,0.0,0.0,10.51,635,134
395,2018-01-31,35.0,0.0,0.0,13.87,708,146
396,2018-02-01,28.0,0.0,0.0,15.43,729,122
397,2018-02-02,11.0,0.0,0.0,10.29,672,145
398,2018-02-03,26.0,0.03,0.8,13.2,627,156
399,2018-02-04,26.0,0.08,1.1,13.42,512,108
400,2018-02-05,6.0,0.22,2.2,6.93,540,102
401,2018-02-06,12.0,0.02,0.2,5.37,588,149
402,2018-02-07,17.0,0.11,1.7,9.4,542,130
403,2018-02-08,13.0,0.15,1.6,6.93,556,137
404,2018-02-09,24.0,0.57,6.2,10.74,505,123
405,2018-02-10,19.0,0.05,0.8,9.62,534,118
406,2018-02-11,20.0,0.39,3.7,10.07,537,134
407,2018-02-12,15.0,0.0,0.0,6.26,572,139
408,2018-02-13,20.0,0.0,0.0,6.26,642,140
409,2018-02-14,32.0,0.0,0.0,9.62,660,167
410,2018-02-15,41.0,0.0,0.0,6.26,698,179
411,2018-02-16,36.0,0.0,0.0,10.07,663,121
412,2018-02-17,25.0,0.11,2.0,8.5,603,101
413,2018-02-18,27.0,0.02,0.0,10.74,586,125
414,2018-02-19,42.0,0.52,0.0,12.08,625,128
415,2018-02-20,59.0,2.1,0.0,13.2,643,128
416,2018-02-21,32.0,0.04,0.0,10.96,639,147
417,2018-02-22,33.0,0.0,0.0,13.2,678,158
418,2018-02-23,40.0,0.06,0.0,9.4,671,169
419,2018-02-24,36.0,0.16,0.0,13.2,681,160
420,2018-02-25,40.0,0.01,0.0,17.9,655,133
421,2018-02-26,40.0,0.0,0.0,8.72,625,153
422,2018-02-27,48.0,0.0,0.0,13.87,691,159
423,2018-02-28,51.0,0.0,0.0,11.18,646,154
424,2018-03-01,39.0,0.81,0.0,14.54,820,145
425,2018-03-02,38.0,0.0,0.0,6.26,691,178
426,2018-03-03,38.0,0.0,0.0,7.83,664,157
427,2018-03-04,38.0,0.0,0.0,12.3,648,147
428,2018-03-05,37.0,0.11,0.4,17.45,664,154
429,2018-03-06,35.0,0.07,0.0,8.72,652,143
430,2018-03-07,31.0,0.0,0.0,13.65,656,155
431,2018-03-08,28.0,0.0,0.0,11.18,660,133
432,2018-03-09,30.0,0.0,0.0,6.49,743,164
433,2018-03-10,33.0,0.0,0.0,5.59,683,159
434,2018-03-11,34.0,0.0,0.0,8.28,618,144
435,2018-03-12,37.0,0.0,0.0,11.41,661,132
436,2018-03-13,32.0,0.22,2.2,10.74,638,127
437,2018-03-14,30.0,0.0,0.0,10.96,664,164
438,2018-03-15,40.0,0.0,0.0,9.17,691,136
439,2018-03-16,32.0,0.0,0.0,10.96,702,146
440,2018-03-17,37.0,0.0,0.0,10.07,777,171
441,2018-03-18,40.0,0.0,0.0,4.7,687,136
442,2018-03-19,41.0,0.0,0.0,15.21,659,128
443,2018-03-20,33.0,0.0,0.0,17.0,711,147
444,2018-03-21,33.0,0.0,0.0,10.51,688,157
445,2018-03-22,34.0,0.0,0.0,6.93,670,129
446,2018-03-23,36.0,0.0,0.0,9.17,752,168
447,2018-03-24,36.0,0.0,0.0,17.45,648,133
448,2018-03-25,34.0,0.0,0.0,14.09,676,172
449,2018-03-26,39.0,0.23,0.0,9.62,695,141
450,2018-03-27,49.0,0.15,0.0,9.4,673,140
451,2018-03-28,45.0,0.01,0.0,4.47,689,151
452,2018-03-29,45.0,0.05,0.0,8.95,629,136
453,2018-03-30,39.0,0.0,0.0,7.83,704,157
454,2018-03-31,44.0,0.09,0.0,15.88,691,151
455,2018-04-01,32.0,0.0,0.0,7.83,724,119
456,2018-04-02,32.0,0.0,0.0,6.93,674,131
457,2018-04-03,39.0,0.2,0.0,12.08,605,137
458,2018-04-04,32.0,0.01,0.2,15.21,697,143
459,2018-04-05,32.0,0.07,0.0,7.38,670,145
460,2018-04-06,35.0,0.0,0.0,14.32,695,157
461,2018-04-07,28.0,0.0,0.0,8.95,635,150
462,2018-04-08,31.0,0.01,0.0,6.93,616,127
463,2018-04-09,33.0,0.13,2.0,6.04,661,134
464,2018-04-10,36.0,0.0,0.0,8.5,712,156
465,2018-04-11,48.0,0.05,0.0,9.84,768,136
466,2018-04-12,56.0,0.03,0.0,14.09,750,138
467,2018-04-13,43.0,0.07,0.0,13.2,782,149
468,2018-04-14,39.0,0.96,0.0,21.03,689,130
469,2018-04-15,35.0,0.74,0.2,13.65,600,96
470,2018-04-16,31.0,0.01,0.3,14.99,734,114
471,2018-04-17,35.0,0.0,0.0,11.18,699,141
472,2018-04-18,35.0,0.41,0.4,11.63,627,119
473,2018-04-19,39.0,0.01,0.1,9.84,724,165
474,2018-04-20,47.0,0.0,0.0,4.92,801,181
475,2018-04-21,47.0,0.0,0.0,3.8,677,158
476,2018-04-22,50.0,0.0,0.0,10.51,698,146
477,2018-04-23,51.0,0.0,0.0,11.86,716,131
478,2018-04-24,55.0,0.0,0.0,8.5,713,144
479,2018-04-25,49.0,0.0,0.0,13.87,750,174
480,2018-04-26,48.0,0.0,0.0,3.8,733,133
481,2018-04-27,53.0,0.02,0.0,13.87,772,177
482,2018-04-28,42.0,0.0,0.0,12.3,679,128
483,2018-04-29,43.0,0.0,0.0,6.71,725,161
484,2018-04-30,56.0,0.0,0.0,12.53,790,152
485,2018-05-01,72.0,0.0,0.0,15.43,999,164
486,2018-05-02,77.0,1.32,0.0,12.3,789,174
487,2018-05-03,64.0,0.57,0.0,7.16,742,145
488,2018-05-04,65.0,0.0,0.0,14.32,813,194
489,2018-05-05,70.0,0.0,0.0,8.5,853,173
490,2018-05-06,62.0,0.0,0.0,9.84,712,142
491,2018-05-07,59.0,0.0,0.0,5.59,803,153
492,2018-05-08,69.0,0.0,0.0,6.93,803,180
493,2018-05-09,70.0,0.25,0.0,13.42,790,167
494,2018-05-10,66.0,0.0,0.0,9.17,778,157
495,2018-05-11,52.0,0.04,0.0,14.99,729,152
496,2018-05-12,46.0,0.33,0.0,12.53,698,140
497,2018-05-13,52.0,0.91,0.0,6.26,689,125
498,2018-05-14,62.0,1.54,0.0,8.28,788,135
499,2018-05-15,64.0,0.0,0.0,10.96,743,119
500,2018-05-16,62.0,0.0,0.0,5.37,759,141
501,2018-05-17,63.0,0.0,0.0,9.17,793,149
502,2018-05-18,57.0,0.1,0.0,10.96,799,167
503,2018-05-19,60.0,0.02,0.0,5.37,759,161
504,2018-05-20,51.0,0.27,0.0,13.65,761,147
505,2018-05-21,53.0,1.96,0.0,6.26,713,142
506,2018-05-22,59.0,0.0,0.0,4.7,796,157
507,2018-05-23,64.0,0.0,0.0,4.03,780,151
508,2018-05-24,71.0,0.0,0.0,5.14,818,170
509,2018-05-25,78.0,0.0,0.0,8.95,804,152
510,2018-05-26,79.0,0.0,0.0,6.93,853,182
511,2018-05-27,83.0,0.0,0.0,4.7,882,231
512,2018-05-28,83.0,0.0,0.0,7.16,888,206
513,2018-05-29,77.0,0.0,0.0,6.71,874,151
514,2018-05-30,75.0,0.9,0.0,8.05,846,174
515,2018-05-31,77.0,0.0,0.0,9.62,841,166
516,2018-06-01,71.0,0.0,0.0,13.42,1002,175
517,2018-06-02,60.0,0.31,0.0,8.72,819,168
518,2018-06-03,67.0,0.0,0.0,14.32,835,173
519,2018-06-04,67.0,0.0,0.0,10.07,790,141
520,2018-06-05,67.0,0.01,0.0,13.2,751,129
521,2018-06-06,61.0,0.1,0.0,5.82,814,152
522,2018-06-07,71.0,0.0,0.0,8.72,766,147
523,2018-06-08,64.0,0.0,0.0,8.28,774,162
524,2018-06-09,66.0,1.31,0.0,5.82,816,159
525,2018-06-10,65.0,1.34,0.0,7.83,731,123
526,2018-06-11,64.0,0.1,0.0,9.62,747,136
527,2018-06-12,69.0,0.0,0.0,3.8,793,139
528,2018-06-13,75.0,0.0,0.0,8.72,750,141
529,2018-06-14,73.0,0.0,0.0,4.47,755,170
530,2018-06-15,74.0,0.0,0.0,6.71,839,172
531,2018-06-16,81.0,0.65,0.0,9.62,824,154
532,2018-06-17,86.0,0.0,0.0,10.74,828,161
533,2018-06-18,87.0,0.36,0.0,12.75,844,153
534,2018-06-19,71.0,0.02,0.0,8.5,795,147
535,2018-06-20,69.0,0.0,0.0,8.05,888,173
536,2018-06-21,66.0,1.41,0.0,12.75,667,105
537,2018-06-22,62.0,1.23,0.0,13.87,723,156
538,2018-06-23,68.0,0.0,0.0,5.37,839,159
539,2018-06-24,73.0,0.0,0.0,8.72,868,157
540,2018-06-25,69.0,0.0,0.0,11.41,854,151
541,2018-06-26,73.0,0.76,0.0,8.95,794,130
542,2018-06-27,73.0,0.03,0.0,6.71,825,154
543,2018-06-28,76.0,0.0,0.0,4.7,822,151
544,2018-06-29,82.0,0.0,0.0,10.07,780,156
545,2018-06-30,87.0,0.0,0.0,11.18,867,194
546,2018-07-01,85.0,0.24,0.0,12.3,965,198
547,2018-07-02,77.0,0.0,0.0,5.82,860,163
548,2018-07-03,78.0,0.0,0.0,6.26,824,178
549,2018-07-04,83.0,0.01,0.0,7.61,829,173
550,2018-07-05,81.0,0.02,0.0,6.49,840,200
551,2018-07-06,74.0,0.0,0.0,13.87,890,185
552,2018-07-07,71.0,0.0,0.0,6.93,831,165
553,2018-07-08,75.0,0.0,0.0,4.25,823,190
554,2018-07-09,79.0,0.0,0.0,7.83,801,146
555,2018-07-10,82.0,0.0,0.0,10.74,809,142
556,2018-07-11,77.0,0.0,0.0,6.49,737,130
557,2018-07-12,79.0,0.0,0.0,7.38,798,139
558,2018-07-13,82.0,0.0,0.0,8.72,819,141
559,2018-07-14,78.0,0.26,0.0,4.7,788,158
560,2018-07-15,80.0,0.0,0.0,3.8,812,155
561,2018-07-16,82.0,0.08,0.0,6.04,783,148
562,2018-07-17,77.0,0.0,0.0,9.84,743,127
563,2018-07-18,72.0,0.0,0.0,7.38,839,137
564,2018-07-19,76.0,0.03,0.0,10.29,778,127
565,2018-07-20,76.0,0.15,0.0,11.63,821,133
566,2018-07-21,71.0,0.12,0.0,12.97,800,177
567,2018-07-22,71.0,0.13,0.0,14.76,795,146
568,2018-07-23,72.0,0.0,0.0,9.17,846,151
569,2018-07-24,75.0,0.0,0.0,4.92,798,143
570,2018-07-25,79.0,0.0,0.0,7.83,807,174
571,2018-07-26,77.0,0.03,0.0,10.29,800,157
572,2018-07-27,70.0,0.0,0.0,8.05,799,169
573,2018-07-28,71.0,0.0,0.0,5.59,806,170
574,2018-07-29,72.0,0.07,0.0,2.91,775,152
575,2018-07-30,72.0,0.0,0.0,6.04,782,118
576,2018-07-31,73.0,0.0,0.0,7.61,830,150
577,2018-08-01,73.0,0.0,0.0,7.61,926,167
578,2018-08-02,77.0,0.0,0.0,8.95,850,148
579,2018-08-03,77.0,0.0,0.0,4.03,891,152
580,2018-08-04,82.0,0.0,0.0,9.62,902,155
581,2018-08-05,85.0,0.0,0.0,12.53,860,150
582,2018-08-06,78.0,0.34,0.0,6.71,802,144
583,2018-08-07,75.0,2.36,0.0,4.92,782,155
584,2018-08-08,74.0,0.0,0.0,5.82,790,171
585,2018-08-09,78.0,0.43,0.0,9.62,768,134
586,2018-08-10,76.0,0.0,0.0,9.17,854,180
587,2018-08-11,77.0,0.0,0.0,4.7,856,168
588,2018-08-12,79.0,0.0,0.0,6.04,839,174
589,2018-08-13,77.0,0.0,0.0,2.91,822,153
590,2018-08-14,79.0,0.0,0.0,5.14,829,157
591,2018-08-15,80.0,0.01,0.0,5.82,795,155
592,2018-08-16,77.0,0.5,0.0,4.47,837,146
593,2018-08-17,75.0,0.11,0.0,5.59,808,153
594,2018-08-18,75.0,0.0,0.0,8.5,908,208
595,2018-08-19,76.0,0.0,0.0,6.49,791,162
596,2018-08-20,75.0,0.82,0.0,10.07,745,138
597,2018-08-21,72.0,0.13,0.0,10.51,720,139
598,2018-08-22,69.0,0.0,0.0,8.72,849,186
599,2018-08-23,70.0,0.0,0.0,6.49,727,134
600,2018-08-24,68.0,0.04,0.0,11.86,788,165
601,2018-08-25,71.0,0.06,0.0,6.71,832,192
602,2018-08-26,81.0,0.0,0.0,8.95,788,167
603,2018-08-27,85.0,0.0,0.0,16.11,823,171
604,2018-08-28,82.0,1.39,0.0,11.86,802,142
605,2018-08-29,72.0,0.42,0.0,9.4,747,135
606,2018-08-30,68.0,0.0,0.0,6.71,816,187
607,2018-08-31,70.0,0.0,0.0,7.83,829,165
608,2018-09-01,76.0,0.16,0.0,7.83,966,214
609,2018-09-02,80.0,0.02,0.0,9.4,825,210
610,2018-09-03,77.0,1.79,0.0,6.71,773,171
611,2018-09-04,79.0,0.0,0.0,7.61,817,173
612,2018-09-05,83.0,0.24,0.0,12.08,717,146
613,2018-09-06,69.0,0.53,0.0,13.42,740,160
614,2018-09-07,67.0,0.3,0.0,13.42,728,147
615,2018-09-08,67.0,0.0,0.0,17.0,789,166
616,2018-09-09,64.0,0.0,0.0,15.21,663,119
617,2018-09-10,65.0,0.0,0.0,6.71,713,126
618,2018-09-11,67.0,0.0,0.0,4.47,690,146
619,2018-09-12,71.0,0.0,0.0,5.82,713,142
620,2018-09-13,69.0,0.0,0.0,4.47,685,119
621,2018-09-14,73.0,0.0,0.0,3.8,869,156
622,2018-09-15,74.0,0.0,0.0,6.93,805,137
623,2018-09-16,76.0,0.0,0.0,6.49,816,164
624,2018-09-17,79.0,0.0,0.0,3.36,785,123
625,2018-09-18,73.0,0.0,0.0,8.28,737,134
626,2018-09-19,69.0,0.21,0.0,9.17,761,141
627,2018-09-20,75.0,0.0,0.0,7.83,828,145
628,2018-09-21,79.0,0.0,0.0,16.11,825,153
629,2018-09-22,59.0,0.0,0.0,9.4,799,160
630,2018-09-23,60.0,0.0,0.0,5.14,735,141
631,2018-09-24,65.0,0.0,0.0,6.49,796,132
632,2018-09-25,73.0,0.25,0.0,8.72,751,144
633,2018-09-26,61.0,0.0,0.0,8.72,751,151
634,2018-09-27,59.0,0.0,0.0,7.61,707,141
635,2018-09-28,58.0,0.07,0.0,6.04,790,170
636,2018-09-29,50.0,0.02,0.0,6.04,731,162
637,2018-09-30,57.0,0.06,0.0,7.61,738,157
638,2018-10-01,61.0,1.56,0.0,7.16,908,160
639,2018-10-02,62.0,0.01,0.0,5.14,717,115
640,2018-10-03,70.0,0.0,0.0,13.87,676,113
641,2018-10-04,66.0,0.04,0.0,16.11,697,103
642,2018-10-05,57.0,1.24,0.0,7.16,654,104
643,2018-10-06,64.0,0.12,0.0,8.05,726,109
644,2018-10-07,58.0,0.52,0.0,10.51,717,116
645,2018-10-08,69.0,0.15,0.0,8.72,741,150
646,2018-10-09,76.0,0.01,0.0,10.29,746,160
647,2018-10-10,73.0,0.35,0.0,13.42,722,154
648,2018-10-11,50.0,0.0,0.0,13.87,677,124
649,2018-10-12,40.0,0.0,0.0,6.93,705,140
650,2018-10-13,41.0,0.0,0.0,7.61,742,146
651,2018-10-14,46.0,0.07,0.0,5.82,702,152
652,2018-10-15,44.0,0.1,0.0,11.41,704,113
653,2018-10-16,43.0,0.0,0.0,12.3,667,115
654,2018-10-17,48.0,0.0,0.0,10.07,689,144
655,2018-10-18,45.0,0.0,0.0,5.82,722,158
656,2018-10-19,49.0,0.03,0.0,12.3,766,148
657,2018-10-20,48.0,0.0,0.0,14.09,805,152
658,2018-10-21,37.0,0.0,0.0,9.17,644,109
659,2018-10-22,48.0,0.0,0.0,7.38,713,141
660,2018-10-23,49.0,0.0,0.0,7.16,736,153
661,2018-10-24,44.0,0.0,0.0,3.58,804,156
662,2018-10-25,44.0,0.0,0.0,4.92,720,139
663,2018-10-26,48.0,0.0,0.0,8.95,828,175
664,2018-10-27,49.0,0.0,0.0,5.14,788,135
665,2018-10-28,47.0,0.12,0.0,11.86,715,139
666,2018-10-29,47.0,0.0,0.0,6.04,722,144
667,2018-10-30,51.0,0.3,0.0,7.83,763,182
668,2018-10-31,53.0,0.17,0.0,7.16,883,167
669,2018-11-01,51.0,0.0,0.0,12.97,918,160
670,2018-11-02,44.0,0.0,0.0,6.93,782,170
671,2018-11-03,42.0,0.06,0.0,7.61,781,159
672,2018-11-04,48.0,0.54,0.0,14.99,684,142
673,2018-11-05,48.0,0.37,0.0,9.62,706,155
674,2018-11-06,48.0,0.06,0.0,16.33,763,156
675,2018-11-07,38.0,0.0,0.0,14.99,685,144
676,2018-11-08,35.0,0.0,0.0,4.03,673,136
677,2018-11-09,34.0,0.13,1.0,12.08,717,151
678,2018-11-10,25.0,0.0,0.0,10.96,650,135
679,2018-11-11,33.0,0.0,0.0,8.05,648,128
680,2018-11-12,33.0,0.0,0.0,9.62,687,134
681,2018-11-13,25.0,0.0,0.0,9.17,610,102
682,2018-11-14,25.0,0.0,0.0,4.92,637,134
683,2018-11-15,31.0,0.09,1.1,5.14,691,152
684,2018-11-16,34.0,0.0,0.0,9.62,733,177
685,2018-11-17,34.0,0.13,1.5,7.38,669,146
686,2018-11-18,33.0,0.0,0.0,6.04,628,126
687,2018-11-19,28.0,0.0,0.0,8.05,637,115
688,2018-11-20,31.0,0.0,0.0,11.63,699,133
689,2018-11-21,32.0,0.0,0.0,10.51,741,162
690,2018-11-22,34.0,0.0,0.0,9.62,541,99
691,2018-11-23,40.0,0.04,0.0,11.63,749,168
692,2018-11-24,45.0,0.18,0.0,10.74,697,154
693,2018-11-25,38.0,1.2,3.3,15.21,574,92
694,2018-11-26,30.0,0.39,5.1,17.45,560,95
695,2018-11-27,24.0,0.0,0.0,8.5,636,121
696,2018-11-28,22.0,0.05,0.7,4.7,714,145
697,2018-11-29,30.0,0.0,0.0,5.82,673,140
698,2018-11-30,34.0,0.0,0.0,4.92,751,180
699,2018-12-01,38.0,1.13,0.0,12.53,807,147
700,2018-12-02,41.0,0.1,0.0,8.95,712,141
701,2018-12-03,34.0,0.01,0.3,12.97,770,127
702,2018-12-04,31.0,0.0,0.0,7.83,721,172
703,2018-12-05,28.0,0.0,0.0,10.51,711,142
704,2018-12-06,31.0,0.0,0.0,9.84,719,141
705,2018-12-07,21.0,0.0,0.0,6.26,747,149
706,2018-12-08,24.0,0.0,0.0,3.8,739,148
707,2018-12-09,24.0,0.0,0.0,4.25,689,142
708,2018-12-10,23.0,0.0,0.0,6.93,713,133
709,2018-12-11,30.0,0.0,0.0,7.61,671,133
710,2018-12-12,34.0,0.0,0.0,10.74,758,132
711,2018-12-13,33.0,0.15,0.0,4.25,712,121
712,2018-12-14,39.0,0.13,0.0,6.71,792,160
713,2018-12-15,35.0,0.0,0.0,7.61,744,151
714,2018-12-16,35.0,0.0,0.0,6.49,750,170
715,2018-12-17,37.0,0.0,0.0,7.61,712,136
716,2018-12-18,33.0,0.0,0.0,6.71,713,142
717,2018-12-19,39.0,0.0,0.0,10.96,739,144
718,2018-12-20,44.0,0.1,0.0,7.83,788,127
719,2018-12-21,35.0,0.05,0.0,13.65,800,129
720,2018-12-22,30.0,0.0,0.0,6.26,759,120
721,2018-12-23,33.0,0.0,0.0,11.18,636,125
722,2018-12-24,29.0,0.0,0.0,5.82,608,100
723,2018-12-25,34.0,0.0,0.0,3.58,449,72
724,2018-12-26,34.0,0.0,0.0,5.14,627,135
725,2018-12-27,42.0,0.66,0.0,15.66,627,117
726,2018-12-28,42.0,0.08,0.2,15.21,724,177
727,2018-12-29,29.0,0.05,0.9,7.61,696,151
728,2018-12-30,26.0,0.0,0.0,11.18,670,122
729,2018-12-31,34.0,0.86,0.0,8.72,647,117
730,2016-01-01,23.0,0.0,0.0,14.32,1128,144
731,2016-01-02,27.0,0.0,0.0,12.08,575,123
732,2016-01-03,27.0,0.0,0.0,11.63,618,124
733,2016-01-04,27.0,0.0,0.0,10.07,626,120
734,2016-01-05,26.0,0.0,0.0,10.07,626,124
735,2016-01-06,28.0,0.0,0.0,8.72,626,110
736,2016-01-07,36.0,0.01,0.0,7.38,706,148
737,2016-01-08,38.0,0.19,0.0,6.49,742,162
738,2016-01-09,37.0,0.27,1.7,9.84,649,138
739,2016-01-10,19.0,0.0,0.0,17.67,596,121
740,2016-01-11,5.0,0.11,3.1,9.62,512,95
741,2016-01-12,14.0,0.01,0.1,16.33,548,110
742,2016-01-13,7.0,0.0,0.1,9.4,653,121
743,2016-01-14,31.0,0.0,0.0,10.51,734,157
744,2016-01-15,40.0,0.01,0.0,13.42,732,154
745,2016-01-16,28.0,0.0,0.0,13.87,651,150
746,2016-01-17,8.0,0.0,0.0,16.11,537,108
747,2016-01-18,1.0,0.0,0.0,14.09,515,104
748,2016-01-19,6.0,0.0,0.0,5.82,610,128
749,2016-01-20,17.0,0.05,0.9,3.58,619,134
750,2016-01-21,19.0,0.0,0.0,3.13,632,125
751,2016-01-22,24.0,0.02,0.4,10.51,699,164
752,2016-01-23,28.0,0.0,0.0,6.26,721,154
753,2016-01-24,27.0,0.0,0.0,8.5,674,152
754,2016-01-25,31.0,0.13,0.0,10.29,743,156
755,2016-01-26,33.0,0.02,0.0,16.55,640,149
756,2016-01-27,28.0,0.0,0.0,13.2,669,132
757,2016-01-28,34.0,0.0,0.0,15.21,751,214
758,2016-01-29,28.0,0.0,0.0,10.51,746,159
759,2016-01-30,38.0,0.0,0.0,8.5,742,155
760,2016-01-31,42.0,0.02,0.0,8.5,665,118
761,2016-02-01,36.0,0.0,0.0,4.92,850,171
762,2016-02-02,35.0,0.79,0.0,11.41,613,131
763,2016-02-03,36.0,0.02,0.0,13.42,681,134
764,2016-02-04,27.0,0.0,0.0,9.4,670,164
765,2016-02-05,29.0,0.0,0.0,6.71,660,163
766,2016-02-06,31.0,0.0,0.0,8.5,695,165
767,2016-02-07,38.0,0.0,0.0,12.97,616,135
768,2016-02-08,31.0,0.02,0.4,11.18,570,124
769,2016-02-09,19.0,0.02,0.6,14.54,545,118
770,2016-02-10,14.0,0.0,0.0,11.41,565,133
771,2016-02-11,13.0,0.0,0.0,7.16,582,124
772,2016-02-12,19.0,0.0,0.0,17.0,646,158
773,2016-02-13,9.0,0.0,0.0,8.95,596,138
774,2016-02-14,14.0,0.1,2.3,11.86,514,108
775,2016-02-15,21.0,0.01,0.1,6.71,551,123
776,2016-02-16,27.0,0.04,0.4,4.7,625,128
777,2016-02-17,28.0,0.0,0.0,6.49,640,151
778,2016-02-18,30.0,0.0,0.0,15.21,680,165
779,2016-02-19,47.0,0.0,0.0,26.62,774,182
780,2016-02-20,49.0,0.0,0.0,12.08,702,166
781,2016-02-21,40.0,0.0,0.0,9.17,706,172
782,2016-02-22,35.0,0.0,0.0,3.8,639,159
783,2016-02-23,36.0,0.0,0.0,6.71,630,141
784,2016-02-24,35.0,0.15,1.7,22.82,578,115
785,2016-02-25,33.0,0.0,0.0,16.55,697,198
786,2016-02-26,31.0,0.0,0.0,9.4,739,162
787,2016-02-27,37.0,0.0,0.0,14.99,691,141
788,2016-02-28,52.0,0.08,0.0,19.91,622,130
789,2016-02-29,41.0,0.0,0.0,14.99,645,129
790,2016-03-01,28.0,0.1,1.0,17.0,816,150
791,2016-03-02,21.0,0.0,0.0,6.71,606,171
792,2016-03-03,30.0,0.07,0.8,8.72,616,142
793,2016-03-04,30.0,0.07,0.8,7.16,701,189
794,2016-03-05,33.0,0.0,0.0,7.83,699,157
795,2016-03-06,39.0,0.0,0.0,14.32,714,167
796,2016-03-07,51.0,0.03,0.0,13.42,794,177
797,2016-03-08,62.0,0.0,0.0,16.78,721,153
798,2016-03-09,61.0,0.18,0.0,10.07,677,175
799,2016-03-10,49.0,0.0,0.0,7.16,715,168
800,2016-03-11,43.0,0.0,0.0,5.37,733,164
801,2016-03-12,43.0,0.0,0.0,4.7,743,168
802,2016-03-13,47.0,0.66,0.0,9.17,628,131
803,2016-03-14,47.0,0.01,0.0,4.92,683,149
804,2016-03-15,49.0,0.14,0.0,12.53,713,157
805,2016-03-16,53.0,0.04,0.0,23.26,744,179
806,2016-03-17,47.0,0.0,0.0,15.43,738,140
807,2016-03-18,41.0,0.0,0.0,9.17,789,185
808,2016-03-19,38.0,0.0,0.0,8.72,699,170
809,2016-03-20,37.0,0.0,0.0,8.05,685,158
810,2016-03-21,38.0,0.0,0.0,7.16,698,142
811,2016-03-22,48.0,0.0,0.0,11.63,722,160
812,2016-03-23,42.0,0.11,0.0,14.54,686,139
813,2016-03-24,37.0,1.09,0.0,14.99,677,125
814,2016-03-25,35.0,0.0,0.0,6.71,716,163
815,2016-03-26,40.0,0.0,0.0,7.83,735,170
816,2016-03-27,47.0,0.32,0.0,9.62,631,119
817,2016-03-28,45.0,0.0,0.0,10.29,741,158
818,2016-03-29,44.0,0.0,0.0,6.71,739,170
819,2016-03-30,49.0,0.13,0.0,16.11,716,148
820,2016-03-31,60.0,0.39,0.0,17.22,754,168
821,2016-04-01,45.0,0.08,0.0,9.17,819,137
822,2016-04-02,35.0,0.02,0.3,17.9,652,157
823,2016-04-03,40.0,0.0,0.0,17.0,706,171
824,2016-04-04,41.0,0.0,0.0,13.42,660,132
825,2016-04-05,33.0,0.02,0.0,10.51,675,182
826,2016-04-06,44.0,0.31,0.0,10.51,660,169
827,2016-04-07,40.0,0.06,0.1,14.32,740,209
828,2016-04-08,37.0,0.1,0.7,14.09,625,159
829,2016-04-09,30.0,0.0,0.0,12.3,689,162
830,2016-04-10,37.0,0.1,0.0,14.99,703,159
831,2016-04-11,48.0,0.0,0.0,12.3,676,133
832,2016-04-12,40.0,0.0,0.0,8.05,700,177
833,2016-04-13,43.0,0.0,0.0,7.16,715,172
834,2016-04-14,48.0,0.0,0.0,8.05,690,162
835,2016-04-15,53.0,0.0,0.0,7.83,811,222
836,2016-04-16,58.0,0.0,0.0,6.71,734,168
837,2016-04-17,62.0,0.0,0.0,5.37,708,161
838,2016-04-18,66.0,0.0,0.0,4.92,737,167
839,2016-04-19,54.0,0.0,0.0,11.41,703,166
840,2016-04-20,58.0,0.48,0.0,9.62,688,171
841,2016-04-21,62.0,0.01,0.0,7.16,714,179
842,2016-04-22,51.0,0.0,0.0,11.86,728,186
843,2016-04-23,48.0,0.0,0.0,7.38,692,145
844,2016-04-24,56.0,0.0,0.0,8.95,755,186
845,2016-04-25,69.0,0.08,0.0,12.53,758,144
846,2016-04-26,53.0,0.0,0.0,13.65,692,157
847,2016-04-27,44.0,0.47,0.0,14.09,660,158
848,2016-04-28,45.0,0.45,0.0,10.51,731,169
849,2016-04-29,44.0,0.01,0.0,8.95,716,161
850,2016-04-30,45.0,0.61,0.0,13.42,604,127
851,2016-05-01,45.0,0.51,0.0,12.08,815,117
852,2016-05-02,49.0,0.0,0.0,10.51,756,168
853,2016-05-03,53.0,0.0,0.0,9.4,735,169
854,2016-05-04,52.0,0.4,0.0,13.87,682,156
855,2016-05-05,49.0,0.0,0.0,9.17,696,161
856,2016-05-06,59.0,0.0,0.0,7.83,794,143
857,2016-05-07,65.0,0.02,0.0,12.75,740,134
858,2016-05-08,55.0,0.0,0.0,5.82,728,156
859,2016-05-09,56.0,0.59,0.0,12.97,730,154
860,2016-05-10,54.0,0.79,0.0,8.95,712,147
861,2016-05-11,58.0,0.19,0.0,6.71,757,170
862,2016-05-12,61.0,0.48,0.0,10.74,690,169
863,2016-05-13,58.0,0.68,0.0,10.29,808,165
864,2016-05-14,46.0,0.0,0.0,13.87,722,176
865,2016-05-15,45.0,0.0,0.0,9.84,738,160
866,2016-05-16,56.0,0.0,0.0,13.87,782,180
867,2016-05-17,54.0,0.0,0.0,9.62,690,172
868,2016-05-18,52.0,0.0,0.0,6.93,799,172
869,2016-05-19,55.0,0.0,0.0,5.14,763,215
870,2016-05-20,58.0,0.0,0.0,6.93,804,183
871,2016-05-21,62.0,0.0,0.0,8.28,792,172
872,2016-05-22,66.0,0.0,0.0,8.28,750,186
873,2016-05-23,66.0,0.0,0.0,6.71,782,178
874,2016-05-24,72.0,0.0,0.0,10.96,803,187
875,2016-05-25,76.0,0.95,0.0,9.62,718,145
876,2016-05-26,71.0,0.0,0.0,8.28,765,157
877,2016-05-27,74.0,0.13,0.0,11.63,800,177
878,2016-05-28,73.0,0.13,0.0,14.54,791,165
879,2016-05-29,72.0,0.0,0.0,10.96,798,184
880,2016-05-30,74.0,0.0,0.0,6.71,819,190
881,2016-05-31,73.0,0.56,0.0,8.28,756,171
882,2016-06-01,68.0,0.42,0.0,6.49,927,178
883,2016-06-02,70.0,0.0,0.0,6.93,800,169
884,2016-06-03,70.0,0.0,0.0,3.8,822,177
885,2016-06-04,69.0,0.41,0.0,6.93,827,174
886,2016-06-05,68.0,0.05,0.0,12.3,777,148
887,2016-06-06,71.0,0.0,0.0,12.53,792,161
888,2016-06-07,63.0,0.0,0.0,10.07,754,168
889,2016-06-08,61.0,0.0,0.0,7.16,744,176
890,2016-06-09,61.0,0.21,0.0,6.71,724,150
891,2016-06-10,74.0,0.1,0.0,9.62,765,143
892,2016-06-11,82.0,0.0,0.0,8.28,814,176
893,2016-06-12,71.0,0.0,0.0,13.2,850,197
894,2016-06-13,68.0,0.02,0.0,4.92,794,152
895,2016-06-14,74.0,0.0,0.0,9.4,835,179
896,2016-06-15,78.0,0.3,0.0,9.62,789,187
897,2016-06-16,74.0,0.0,0.0,11.86,819,161
898,2016-06-17,71.0,0.0,0.0,8.5,828,156
899,2016-06-18,74.0,0.0,0.0,5.37,762,143
900,2016-06-19,78.0,0.0,0.0,7.38,811,154
901,2016-06-20,83.0,0.0,0.0,14.09,856,165
902,2016-06-21,76.0,0.0,0.0,8.72,824,152
903,2016-06-22,72.0,1.31,0.0,7.83,749,161
904,2016-06-23,70.0,0.0,0.0,7.83,801,194
905,2016-06-24,71.0,0.0,0.0,7.38,808,178
906,2016-06-25,77.0,0.0,0.0,9.62,812,147
907,2016-06-26,81.0,0.03,0.0,9.17,774,143
908,2016-06-27,80.0,0.0,0.0,10.51,769,151
909,2016-06-28,68.0,0.0,0.0,10.96,767,168
910,2016-06-29,67.0,0.0,0.0,5.82,804,166
911,2016-06-30,69.0,0.0,0.0,7.16,847,181
912,2016-07-01,69.0,0.0,0.0,9.62,957,189
913,2016-07-02,65.0,0.0,0.0,4.03,756,183
914,2016-07-03,68.0,0.0,0.0,8.5,782,165
915,2016-07-04,71.0,0.0,0.0,6.49,846,168
916,2016-07-05,76.0,0.0,0.0,7.61,895,164
917,2016-07-06,77.0,0.87,0.0,8.95,741,165
918,2016-07-07,77.0,1.05,0.0,5.82,789,151
919,2016-07-08,76.0,0.0,0.0,11.41,790,151
920,2016-07-09,73.0,0.0,0.0,9.4,729,146
921,2016-07-10,72.0,0.0,0.0,4.92,760,124
922,2016-07-11,78.0,0.0,0.0,11.63,701,145
923,2016-07-12,81.0,0.0,0.0,11.86,780,151
924,2016-07-13,78.0,0.06,0.0,10.29,726,140
925,2016-07-14,76.0,0.0,0.0,14.09,768,130
926,2016-07-15,71.0,0.14,0.0,8.28,845,151
927,2016-07-16,67.0,0.0,0.0,5.82,780,136
928,2016-07-17,71.0,0.25,0.0,10.96,788,136
929,2016-07-18,79.0,0.0,0.0,5.37,799,138
930,2016-07-19,79.0,0.0,0.0,4.92,791,132
931,2016-07-20,79.0,0.0,0.0,6.26,822,139
932,2016-07-21,81.0,1.03,0.0,9.17,784,142
933,2016-07-22,79.0,0.01,0.0,6.93,790,169
934,2016-07-23,85.0,1.11,0.0,6.71,813,131
935,2016-07-24,78.0,0.94,0.0,11.63,790,140
936,2016-07-25,79.0,0.0,0.0,6.71,827,153
937,2016-07-26,79.0,0.0,0.0,4.03,877,161
938,2016-07-27,79.0,0.0,0.0,4.25,795,137
939,2016-07-28,77.0,0.66,0.0,5.82,774,162
940,2016-07-29,73.0,0.11,0.0,8.5,802,142
941,2016-07-30,72.0,0.0,0.0,8.95,927,154
942,2016-07-31,73.0,0.0,0.0,6.49,813,124
943,2016-08-01,75.0,0.0,0.0,6.04,873,133
944,2016-08-02,77.0,0.0,0.0,5.37,791,141
945,2016-08-03,80.0,0.0,0.0,3.58,772,137
946,2016-08-04,81.0,0.02,0.0,6.26,792,131
947,2016-08-05,78.0,0.0,0.0,7.83,862,144
948,2016-08-06,76.0,0.0,0.0,6.71,827,131
949,2016-08-07,75.0,0.0,0.0,6.04,838,144
950,2016-08-08,77.0,0.0,0.0,9.62,802,127
951,2016-08-09,78.0,0.0,0.0,5.14,724,137
952,2016-08-10,80.0,0.0,0.0,4.92,721,125
953,2016-08-11,82.0,0.0,0.0,8.95,852,171
954,2016-08-12,80.0,0.96,0.0,6.26,744,115
955,2016-08-13,77.0,0.0,0.0,9.17,826,134
956,2016-08-14,77.0,0.0,0.0,4.25,842,123
957,2016-08-15,74.0,0.0,0.0,8.5,842,124
958,2016-08-16,76.0,0.02,0.0,6.93,815,133
959,2016-08-17,77.0,0.05,0.0,6.04,862,163
960,2016-08-18,77.0,0.75,0.0,6.93,765,141
961,2016-08-19,75.0,0.07,0.0,8.72,793,128
962,2016-08-20,75.0,0.47,0.0,11.41,843,113
963,2016-08-21,66.0,0.0,0.0,9.84,786,122
964,2016-08-22,67.0,0.0,0.0,4.92,728,122
965,2016-08-23,71.0,0.0,0.0,11.86,752,134
966,2016-08-24,75.0,0.23,0.0,10.74,823,146
967,2016-08-25,76.0,0.09,0.0,6.26,770,136
968,2016-08-26,72.0,0.14,0.0,6.93,803,150
969,2016-08-27,74.0,0.84,0.0,6.93,819,136
970,2016-08-28,77.0,0.0,0.0,6.49,805,122
971,2016-08-29,76.0,0.43,0.0,4.92,881,163
972,2016-08-30,76.0,0.19,0.0,4.25,755,128
973,2016-08-31,73.0,0.0,0.0,11.18,778,139
974,2016-09-01,67.0,0.0,0.0,11.86,1028,168
975,2016-09-02,68.0,0.0,0.0,8.28,798,147
976,2016-09-03,68.0,0.0,0.0,5.82,829,167
977,2016-09-04,69.0,0.0,0.0,7.61,778,138
978,2016-09-05,73.0,0.0,0.0,9.17,821,162
979,2016-09-06,82.0,0.0,0.0,10.07,761,158
980,2016-09-07,83.0,0.39,0.0,9.84,721,148
981,2016-09-08,76.0,0.05,0.0,8.05,792,135
982,2016-09-09,74.0,0.0,0.0,5.14,818,129
983,2016-09-10,69.0,0.01,0.0,10.96,766,110
984,2016-09-11,65.0,0.0,0.0,5.82,757,130
985,2016-09-12,67.0,0.0,0.0,8.72,792,128
986,2016-09-13,72.0,0.0,0.0,8.72,786,149
987,2016-09-14,69.0,0.09,0.0,8.05,819,169
988,2016-09-15,68.0,0.0,0.0,8.05,823,142
989,2016-09-16,72.0,0.01,0.0,12.08,804,119
990,2016-09-17,74.0,0.04,0.0,8.72,834,164
991,2016-09-18,69.0,0.0,0.0,3.8,780,144
992,2016-09-19,71.0,0.0,0.0,8.28,712,116
993,2016-09-20,75.0,0.0,0.0,8.05,791,137
994,2016-09-21,70.0,0.55,0.0,6.71,731,127
995,2016-09-22,71.0,0.0,0.0,4.7,830,152
996,2016-09-23,72.0,0.0,0.0,10.07,841,180
997,2016-09-24,69.0,0.0,0.0,8.5,833,125
998,2016-09-25,72.0,0.01,0.0,10.51,809,142
999,2016-09-26,66.0,0.0,0.0,14.54,764,115
1000,2016-09-27,60.0,0.0,0.0,14.09,734,135
1001,2016-09-28,56.0,0.31,0.0,12.3,634,111
1002,2016-09-29,61.0,0.2,0.0,15.88,702,139
1003,2016-09-30,62.0,0.1,0.0,11.41,772,118
1004,2016-10-01,61.0,0.94,0.0,6.71,855,128
1005,2016-10-02,60.0,0.03,0.0,6.04,706,125
1006,2016-10-03,62.0,0.0,0.0,4.7,771,115
1007,2016-10-04,65.0,0.0,0.0,8.72,743,149
1008,2016-10-05,69.0,0.0,0.0,9.62,802,144
1009,2016-10-06,66.0,0.25,0.0,6.04,752,122
1010,2016-10-07,65.0,0.0,0.0,10.74,863,139
1011,2016-10-08,52.0,0.0,0.0,6.26,714,114
1012,2016-10-09,56.0,0.0,0.0,7.61,682,98
1013,2016-10-10,56.0,0.0,0.0,6.26,722,117
1014,2016-10-11,63.0,0.0,0.0,10.07,697,120
1015,2016-10-12,62.0,0.14,0.0,13.87,745,145
1016,2016-10-13,48.0,0.0,0.0,4.25,693,138
1017,2016-10-14,50.0,0.0,0.0,7.61,821,146
1018,2016-10-15,58.0,0.0,0.0,13.65,822,121
1019,2016-10-16,69.0,0.29,0.0,8.5,788,134
1020,2016-10-17,72.0,0.0,0.0,18.57,817,152
1021,2016-10-18,74.0,0.0,0.0,10.51,774,152
1022,2016-10-19,60.0,0.02,0.0,3.8,710,129
1023,2016-10-20,55.0,0.0,0.0,13.65,717,115
1024,2016-10-21,48.0,0.0,0.0,12.08,760,133
1025,2016-10-22,47.0,0.0,0.0,6.71,772,127
1026,2016-10-23,55.0,0.0,0.0,10.74,785,138
1027,2016-10-24,54.0,0.0,0.0,7.16,770,151
1028,2016-10-25,46.0,0.0,0.0,6.71,734,131
1029,2016-10-26,48.0,1.6,0.0,12.75,698,118
1030,2016-10-27,48.0,0.0,0.0,6.93,729,104
1031,2016-10-28,49.0,0.0,0.0,12.08,802,146
1032,2016-10-29,66.0,0.0,0.0,10.74,831,152
1033,2016-10-30,54.0,0.5,0.0,9.62,786,149
1034,2016-10-31,48.0,0.0,0.0,9.62,867,130
1035,2016-11-01,65.0,0.0,0.0,8.95,904,131
1036,2016-11-02,62.0,0.18,0.0,6.93,749,107
1037,2016-11-03,56.0,0.0,0.0,5.14,783,111
1038,2016-11-04,53.0,0.0,0.0,4.25,783,117
1039,2016-11-05,55.0,0.0,0.0,6.93,821,118
1040,2016-11-06,56.0,0.0,0.0,3.13,753,122
1041,2016-11-07,54.0,0.0,0.0,5.82,736,118
1042,2016-11-08,56.0,0.03,0.0,9.84,644,121
1043,2016-11-09,49.0,0.0,0.0,7.61,679,108
1044,2016-11-10,49.0,0.0,0.0,13.42,721,115
1045,2016-11-11,50.0,0.0,0.0,12.75,797,163
1046,2016-11-12,42.0,0.0,0.0,6.71,780,127
1047,2016-11-13,45.0,0.0,0.0,10.07,659,128
1048,2016-11-14,48.0,0.0,0.0,6.04,670,125
1049,2016-11-15,46.0,0.0,0.0,4.03,711,125
1050,2016-11-16,48.0,0.0,0.0,4.7,769,130
1051,2016-11-17,55.0,0.0,0.0,14.54,809,180
1052,2016-11-18,62.0,0.2,0.0,18.12,794,171
1053,2016-11-19,38.0,0.01,0.0,18.12,676,129
1054,2016-11-20,29.0,0.0,0.0,9.17,663,122
1055,2016-11-21,30.0,0.0,0.0,4.47,683,121
1056,2016-11-22,33.0,0.02,0.0,8.72,722,130
1057,2016-11-23,40.0,0.21,0.0,9.62,698,120
1058,2016-11-24,40.0,0.0,0.0,9.17,534,70
1059,2016-11-25,37.0,0.0,0.0,8.05,689,121
1060,2016-11-26,38.0,0.0,0.0,7.16,717,151
1061,2016-11-27,38.0,0.05,0.0,10.29,693,139
1062,2016-11-28,44.0,0.99,0.0,17.22,693,119
1063,2016-11-29,50.0,0.0,0.0,13.2,698,122
1064,2016-11-30,41.0,0.0,0.0,10.74,697,124
1065,2016-12-01,38.0,0.0,0.0,13.42,816,105
1066,2016-12-02,37.0,0.0,0.0,9.4,834,156
1067,2016-12-03,33.0,0.0,0.0,5.59,757,132
1068,2016-12-04,31.0,0.5,6.4,3.8,595,105
1069,2016-12-05,32.0,0.0,0.0,9.4,675,99
1070,2016-12-06,33.0,0.0,0.0,9.84,688,142
1071,2016-12-07,26.0,0.0,0.0,16.11,660,120
1072,2016-12-08,21.0,0.01,0.0,16.55,606,109
1073,2016-12-09,23.0,0.0,0.0,9.84,666,126
1074,2016-12-10,20.0,0.12,2.7,8.72,612,125
1075,2016-12-11,26.0,0.44,5.1,9.62,512,91
1076,2016-12-12,25.0,0.0,0.0,11.18,628,123
1077,2016-12-13,15.0,0.0,0.1,9.62,573,95
1078,2016-12-14,10.0,0.0,0.0,16.11,610,99
1079,2016-12-15,4.0,0.0,0.0,10.96,578,103
1080,2016-12-16,12.0,0.13,1.2,9.4,695,108
1081,2016-12-17,20.0,0.12,1.7,10.29,613,117
1082,2016-12-18,11.0,0.03,0.5,12.75,526,103
1083,2016-12-19,-1.0,0.0,0.0,12.08,660,113
1084,2016-12-20,20.0,0.0,0.0,16.11,693,131
1085,2016-12-21,26.0,0.0,0.0,8.5,728,140
1086,2016-12-22,34.0,0.0,0.0,9.17,702,127
1087,2016-12-23,31.0,0.1,0.0,7.83,728,117
1088,2016-12-24,35.0,0.0,0.0,4.7,604,89
1089,2016-12-25,33.0,0.09,0.0,14.09,487,58
1090,2016-12-26,45.0,0.23,0.0,19.01,646,132
1091,2016-12-27,28.0,0.0,0.0,10.96,663,108
1092,2016-12-28,30.0,0.0,0.0,12.08,723,129
1093,2016-12-29,34.0,0.0,0.0,17.67,648,133
1094,2016-12-30,29.0,0.0,0.0,13.42,742,119
1095,2016-12-31,35.0,0.0,0.0,13.2,703,109
1096,2017-01-01,27.0,0.0,0.0,4.92,1177,159
1097,2017-01-02,34.0,0.11,0.0,6.26,613,110
1098,2017-01-03,38.0,0.0,0.0,10.07,717,132
1099,2017-01-04,18.0,0.0,0.0,17.0,612,107
1100,2017-01-05,9.0,0.0,0.0,12.75,610,114
1101,2017-01-06,4.0,0.0,0.0,10.07,599,104
1102,2017-01-07,6.0,0.0,0.0,10.74,617,145
1103,2017-01-08,9.0,0.0,0.0,9.62,589,99
1104,2017-01-09,22.0,0.02,0.2,12.97,713,147
1105,2017-01-10,38.0,0.2,0.0,23.26,706,114
1106,2017-01-11,32.0,0.33,0.0,12.08,661,137
1107,2017-01-12,26.0,0.05,0.2,11.18,644,130
1108,2017-01-13,20.0,0.0,0.0,8.95,799,152
1109,2017-01-14,29.0,0.0,0.0,4.7,684,148
1110,2017-01-15,26.0,0.0,0.0,2.24,656,124
1111,2017-01-16,33.0,0.9,0.0,5.82,652,102
1112,2017-01-17,37.0,0.48,0.0,9.62,702,123
1113,2017-01-18,35.0,0.0,0.0,9.62,706,135
1114,2017-01-19,36.0,0.46,0.0,6.71,738,164
1115,2017-01-20,39.0,0.18,0.0,5.82,783,168
1116,2017-01-21,48.0,0.0,0.0,8.5,786,160
1117,2017-01-22,43.0,0.01,0.0,5.37,742,173
1118,2017-01-23,39.0,0.0,0.0,9.4,789,147
1119,2017-01-24,37.0,0.0,0.0,7.16,735,147
1120,2017-01-25,37.0,0.09,0.0,11.41,748,151
1121,2017-01-26,33.0,0.0,0.0,13.42,674,150
1122,2017-01-27,28.0,0.0,0.0,14.76,784,176
1123,2017-01-28,27.0,0.0,0.0,11.63,729,139
1124,2017-01-29,27.0,0.0,0.1,10.51,633,141
1125,2017-01-30,22.0,0.01,0.1,10.07,756,132
1126,2017-01-31,36.0,0.03,0.0,15.66,733,147
1127,2017-02-01,35.0,0.0,0.0,12.3,840,182
1128,2017-02-02,21.0,0.0,0.0,13.42,670,112
1129,2017-02-03,19.0,0.0,0.0,10.51,668,171
1130,2017-02-04,22.0,0.0,0.0,12.53,638,139
1131,2017-02-05,33.0,0.0,0.0,8.72,695,139
1132,2017-02-06,33.0,0.0,0.0,6.93,762,144
1133,2017-02-07,44.0,0.47,0.0,10.51,692,129
1134,2017-02-08,31.0,0.0,0.0,11.18,666,135
1135,2017-02-09,19.0,0.0,0.0,11.63,668,145
1136,2017-02-10,26.0,0.0,0.0,13.65,744,169
1137,2017-02-11,41.0,0.0,0.0,6.71,704,143
1138,2017-02-12,39.0,0.0,0.0,15.88,677,137
1139,2017-02-13,35.0,0.0,0.0,10.29,718,141
1140,2017-02-14,40.0,0.0,0.0,14.09,710,130
1141,2017-02-15,33.0,0.0,0.0,11.18,673,155
1142,2017-02-16,33.0,0.0,0.0,8.95,671,138
1143,2017-02-17,43.0,0.0,0.0,8.05,828,168
1144,2017-02-18,58.0,0.0,0.0,6.93,745,163
1145,2017-02-19,51.0,0.0,0.0,3.8,674,119
1146,2017-02-20,53.0,0.0,0.0,12.3,710,158
1147,2017-02-21,60.0,0.04,0.0,6.49,678,155
1148,2017-02-22,58.0,0.0,0.0,11.86,702,159
1149,2017-02-23,52.0,0.21,0.0,12.53,652,149
1150,2017-02-24,39.0,0.15,0.0,12.53,660,143
1151,2017-02-25,29.0,0.0,0.0,13.87,598,147
1152,2017-02-26,32.0,0.0,0.0,13.87,576,145
1153,2017-02-27,41.0,0.0,0.0,7.38,633,117
1154,2017-02-28,51.0,0.65,0.0,13.65,629,145
1155,2017-03-01,47.0,0.12,0.0,14.09,733,140
1156,2017-03-02,32.0,0.0,0.0,10.96,627,148
1157,2017-03-03,27.0,0.0,0.0,10.29,673,154
1158,2017-03-04,33.0,0.01,0.1,14.54,633,152
1159,2017-03-05,41.0,0.0,0.0,14.54,661,149
1160,2017-03-06,55.0,0.0,0.0,21.03,683,132
1161,2017-03-07,55.0,0.24,0.0,19.24,681,122
1162,2017-03-08,46.0,0.0,0.0,22.15,667,170
1163,2017-03-09,39.0,0.0,0.0,6.93,676,157
1164,2017-03-10,32.0,0.0,0.0,14.54,665,150
1165,2017-03-11,24.0,0.0,0.0,8.5,656,167
1166,2017-03-12,26.0,0.05,0.4,6.93,553,119
1167,2017-03-13,29.0,0.24,3.9,10.51,541,103
1168,2017-03-14,25.0,0.19,3.4,14.09,472,96
1169,2017-03-15,24.0,0.0,0.0,11.41,605,134
1170,2017-03-16,29.0,0.0,0.0,6.49,665,152
1171,2017-03-17,38.0,0.03,0.0,10.29,708,152
1172,2017-03-18,42.0,0.0,0.0,12.97,674,134
1173,2017-03-19,41.0,0.0,0.0,8.5,604,133
1174,2017-03-20,49.0,0.13,0.0,8.28,693,143
1175,2017-03-21,44.0,0.0,0.0,12.3,648,142
1176,2017-03-22,33.0,0.0,0.0,11.86,646,129
1177,2017-03-23,37.0,0.02,0.0,12.75,664,141
1178,2017-03-24,58.0,0.0,0.0,15.66,778,159
1179,2017-03-25,43.0,0.71,0.0,11.63,695,156
1180,2017-03-26,51.0,0.3,0.0,7.61,702,147
1181,2017-03-27,50.0,0.0,0.0,7.38,722,149
1182,2017-03-28,44.0,0.0,0.0,10.51,673,136
1183,2017-03-29,41.0,0.11,0.0,11.86,670,145
1184,2017-03-30,43.0,1.84,0.0,14.54,690,142
1185,2017-03-31,39.0,0.02,0.0,14.54,777,143
1186,2017-04-01,45.0,0.0,0.0,5.82,825,153
1187,2017-04-02,50.0,0.0,0.0,6.04,690,138
1188,2017-04-03,50.0,0.19,0.0,8.5,694,138
1189,2017-04-04,49.0,0.02,0.0,8.72,712,149
1190,2017-04-05,45.0,1.04,0.0,18.12,633,111
1191,2017-04-06,43.0,0.29,0.0,17.0,668,132
1192,2017-04-07,44.0,0.0,0.0,10.96,702,147
1193,2017-04-08,50.0,0.0,0.0,13.87,695,146
1194,2017-04-09,64.0,0.0,0.0,18.79,761,172
1195,2017-04-10,69.0,0.32,0.0,13.87,682,138
1196,2017-04-11,47.0,0.0,0.0,9.4,703,177
1197,2017-04-12,48.0,0.0,0.0,7.16,725,139
1198,2017-04-13,50.0,0.19,0.0,9.17,665,131
1199,2017-04-14,54.0,0.06,0.0,9.4,772,171
1200,2017-04-15,70.0,0.09,0.0,16.11,817,150
1201,2017-04-16,68.0,0.59,0.0,11.63,686,147
1202,2017-04-17,59.0,0.0,0.0,6.93,751,150
1203,2017-04-18,55.0,0.0,0.0,11.41,735,189
1204,2017-04-19,65.0,0.01,0.0,9.62,756,159
1205,2017-04-20,56.0,0.0,0.0,14.99,713,148
1206,2017-04-21,50.0,0.0,0.0,12.53,814,204
1207,2017-04-22,50.0,0.0,0.0,8.5,701,135
1208,2017-04-23,54.0,0.0,0.0,5.82,703,134
1209,2017-04-24,55.0,0.0,0.0,7.61,736,148
1210,2017-04-25,64.0,0.0,0.0,12.08,757,156
1211,2017-04-26,69.0,0.22,0.0,11.41,758,168
1212,2017-04-27,54.0,0.14,0.0,15.88,715,162
1213,2017-04-28,48.0,0.0,0.0,7.61,832,215
1214,2017-04-29,45.0,1.95,0.0,18.79,615,111
1215,2017-04-30,44.0,1.32,0.0,13.42,656,118
1216,2017-05-01,50.0,0.09,0.0,14.76,859,133
1217,2017-05-02,46.0,0.01,0.0,14.76,689,135
1218,2017-05-03,48.0,0.0,0.0,6.04,738,145
1219,2017-05-04,49.0,0.0,0.0,11.18,741,141
1220,2017-05-05,49.0,0.0,0.0,13.42,795,165
1221,2017-05-06,51.0,0.11,0.0,12.53,713,137
1222,2017-05-07,48.0,0.0,0.0,8.5,629,126
1223,2017-05-08,46.0,0.02,0.0,6.93,705,156
1224,2017-05-09,48.0,0.13,0.0,6.71,707,147
1225,2017-05-10,55.0,0.87,0.0,7.61,663,129
1226,2017-05-11,55.0,0.0,0.0,9.17,734,152
1227,2017-05-12,59.0,0.0,0.0,6.04,847,180
1228,2017-05-13,62.0,0.0,0.0,8.72,724,164
1229,2017-05-14,62.0,0.0,0.0,7.83,712,154
1230,2017-05-15,62.0,0.02,0.0,8.95,870,162
1231,2017-05-16,74.0,0.0,0.0,14.54,746,156
1232,2017-05-17,78.0,0.37,0.0,20.13,834,167
1233,2017-05-18,74.0,0.0,0.0,19.01,775,159
1234,2017-05-19,48.0,0.23,0.0,16.11,776,148
1235,2017-05-20,51.0,0.34,0.0,10.51,664,154
1236,2017-05-21,61.0,0.05,0.0,12.75,791,181
1237,2017-05-22,58.0,0.01,0.0,12.75,795,153
1238,2017-05-23,61.0,0.33,0.0,6.71,737,164
1239,2017-05-24,57.0,0.17,0.0,14.09,761,155
1240,2017-05-25,59.0,0.0,0.0,8.72,763,140
1241,2017-05-26,60.0,0.53,0.0,7.61,767,179
1242,2017-05-27,62.0,0.0,0.0,5.37,800,211
1243,2017-05-28,68.0,0.0,0.0,6.93,705,171
1244,2017-05-29,69.0,0.0,0.0,11.63,768,196
1245,2017-05-30,64.0,0.0,0.0,11.63,814,156
1246,2017-05-31,64.0,0.0,0.0,10.51,738,153
1247,2017-06-01,66.0,0.0,0.0,4.7,877,165
1248,2017-06-02,71.0,0.0,0.0,5.37,841,163
1249,2017-06-03,73.0,0.0,0.0,6.04,823,169
1250,2017-06-04,80.0,0.0,0.0,8.5,820,169
1251,2017-06-05,70.0,0.0,0.0,14.09,735,131
1252,2017-06-06,65.0,0.0,0.0,13.87,823,163
1253,2017-06-07,67.0,0.0,0.0,8.05,786,146
1254,2017-06-08,69.0,0.06,0.0,4.25,769,143
1255,2017-06-09,74.0,0.0,0.0,8.95,816,174
1256,2017-06-10,76.0,0.0,0.0,14.09,784,161
1257,2017-06-11,82.0,0.0,0.0,14.99,813,159
1258,2017-06-12,85.0,0.0,0.0,11.63,740,147
1259,2017-06-13,80.0,0.0,0.0,6.93,807,156
1260,2017-06-14,77.0,0.59,0.0,9.84,768,142
1261,2017-06-15,76.0,0.07,0.0,7.83,822,160
1262,2017-06-16,77.0,0.22,0.0,10.29,835,177
1263,2017-06-17,78.0,0.42,0.0,8.5,825,134
1264,2017-06-18,74.0,0.0,0.0,13.65,786,146
1265,2017-06-19,70.0,0.03,0.0,10.07,745,140
1266,2017-06-20,67.0,0.0,0.0,9.62,802,151
1267,2017-06-21,68.0,0.0,0.0,7.16,785,163
1268,2017-06-22,78.0,0.0,0.0,14.54,819,134
1269,2017-06-23,77.0,0.71,0.0,12.3,777,144
1270,2017-06-24,70.0,0.02,0.0,12.3,819,170
1271,2017-06-25,64.0,0.0,0.0,12.75,797,159
1272,2017-06-26,64.0,0.0,0.0,12.3,787,142
1273,2017-06-27,65.0,0.0,0.0,6.71,771,172
1274,2017-06-28,68.0,1.3,0.0,15.21,706,127
1275,2017-06-29,74.0,0.02,0.0,11.41,776,139
1276,2017-06-30,73.0,0.0,0.0,6.49,778,153
1277,2017-07-01,75.0,0.0,0.0,10.51,928,183
1278,2017-07-02,74.0,0.0,0.0,9.62,780,159
1279,2017-07-03,73.0,0.04,0.0,8.72,863,193
1280,2017-07-04,72.0,0.0,0.0,7.38,796,173
1281,2017-07-05,76.0,0.0,0.0,5.82,858,164
1282,2017-07-06,81.0,0.0,0.0,7.16,778,153
1283,2017-07-07,81.0,0.0,0.0,8.5,758,163
1284,2017-07-08,71.0,0.0,0.0,6.71,758,146
1285,2017-07-09,73.0,0.0,0.0,8.28,822,162
1286,2017-07-10,77.0,0.73,0.0,6.71,779,158
1287,2017-07-11,76.0,0.56,0.0,5.59,769,145
1288,2017-07-12,75.0,1.77,0.0,10.51,690,119
1289,2017-07-13,78.0,0.0,0.0,10.51,817,163
1290,2017-07-14,71.0,0.0,0.0,8.72,798,171
1291,2017-07-15,70.0,0.0,0.0,5.82,887,160
1292,2017-07-16,72.0,0.0,0.0,11.63,812,176
1293,2017-07-17,67.0,0.0,0.0,6.26,842,142
1294,2017-07-18,74.0,0.0,0.0,4.03,791,138
1295,2017-07-19,80.0,0.48,0.0,7.61,768,154
1296,2017-07-20,77.0,1.77,0.0,7.83,760,132
1297,2017-07-21,80.0,1.43,0.0,6.93,757,172
1298,2017-07-22,77.0,0.66,0.0,8.5,755,117
1299,2017-07-23,79.0,0.21,0.0,5.82,842,153
1300,2017-07-24,71.0,0.0,0.0,10.96,781,134
1301,2017-07-25,71.0,0.0,0.0,8.05,849,157
1302,2017-07-26,75.0,0.03,0.0,7.16,750,142
1303,2017-07-27,78.0,0.0,0.0,11.18,790,153
1304,2017-07-28,74.0,0.0,0.0,13.87,851,141
1305,2017-07-29,72.0,0.0,0.0,9.84,800,164
1306,2017-07-30,73.0,0.0,0.0,5.14,818,152
1307,2017-07-31,76.0,0.0,0.0,2.91,791,156
1308,2017-08-01,76.0,0.92,0.0,5.37,954,135
1309,2017-08-02,77.0,0.0,0.0,6.93,773,157
1310,2017-08-03,75.0,0.88,0.0,9.17,848,154
1311,2017-08-04,63.0,0.0,0.0,13.87,924,165
1312,2017-08-05,68.0,0.0,0.0,7.38,927,154
1313,2017-08-06,71.0,0.0,0.0,4.03,865,170
1314,2017-08-07,69.0,0.0,0.0,7.83,773,170
1315,2017-08-08,70.0,0.0,0.0,5.59,767,156
1316,2017-08-09,73.0,0.0,0.0,5.14,769,147
1317,2017-08-10,74.0,0.03,0.0,8.28,789,161
1318,2017-08-11,71.0,0.0,0.0,9.4,765,163
1319,2017-08-12,68.0,0.0,0.0,7.38,812,147
1320,2017-08-13,69.0,0.0,0.0,4.03,730,139
1321,2017-08-14,72.0,0.0,0.0,4.25,812,139
1322,2017-08-15,75.0,0.0,0.0,7.61,795,117
1323,2017-08-16,75.0,0.17,0.0,8.05,795,127
1324,2017-08-17,77.0,0.02,0.0,14.32,767,126
1325,2017-08-18,74.0,0.0,0.0,10.96,858,165
1326,2017-08-19,74.0,0.0,0.0,4.92,891,172
1327,2017-08-20,75.0,0.0,0.0,5.82,774,136
1328,2017-08-21,78.0,0.03,0.0,8.5,753,137
1329,2017-08-22,76.0,0.02,0.0,13.42,780,138
1330,2017-08-23,70.0,0.0,0.0,9.17,747,153
1331,2017-08-24,67.0,0.0,0.0,8.5,799,161
1332,2017-08-25,64.0,0.0,0.0,5.37,770,163
1333,2017-08-26,67.0,0.0,0.0,7.16,780,153
1334,2017-08-27,68.0,0.01,0.0,8.5,754,140
1335,2017-08-28,70.0,0.36,0.0,5.82,688,143
1336,2017-08-29,68.0,0.07,0.0,5.37,724,149
1337,2017-08-30,70.0,0.0,0.0,5.59,786,158
1338,2017-08-31,69.0,0.0,0.0,13.42,734,172
1339,2017-09-01,64.0,0.0,0.0,11.86,915,174
1340,2017-09-02,62.0,0.25,0.0,4.7,769,173
1341,2017-09-03,68.0,0.0,0.0,7.38,757,193
1342,2017-09-04,73.0,0.0,0.0,12.75,716,177
1343,2017-09-05,63.0,0.0,0.0,12.53,704,153
1344,2017-09-06,58.0,0.0,0.0,10.29,648,128
1345,2017-09-07,60.0,0.0,0.0,8.5,727,142
1346,2017-09-08,62.0,0.0,0.0,7.38,702,136
1347,2017-09-09,63.0,0.0,0.0,8.28,735,150
1348,2017-09-10,61.0,0.0,0.0,6.26,739,141
1349,2017-09-11,62.0,0.0,0.0,4.7,691,117
1350,2017-09-12,65.0,0.0,0.0,6.93,725,140
1351,2017-09-13,66.0,0.0,0.0,6.49,706,135
1352,2017-09-14,68.0,0.0,0.0,5.14,734,126
1353,2017-09-15,73.0,0.0,0.0,9.4,808,131
1354,2017-09-16,77.0,0.0,0.0,8.5,826,164
1355,2017-09-17,77.0,0.0,0.0,7.61,811,127
1356,2017-09-18,68.0,0.0,0.0,7.61,772,127
1357,2017-09-19,70.0,0.07,0.0,6.49,708,141
1358,2017-09-20,75.0,0.0,0.0,10.74,827,165
1359,2017-09-21,83.0,0.0,0.0,5.82,805,137
1360,2017-09-22,84.0,0.0,0.0,6.93,797,151
1361,2017-09-23,83.0,0.0,0.0,6.04,829,151
1362,2017-09-24,81.0,0.0,0.0,6.26,809,136
1363,2017-09-25,79.0,0.0,0.0,6.49,820,144
1364,2017-09-26,80.0,0.0,0.0,9.62,748,138
1365,2017-09-27,70.0,0.0,0.0,11.86,725,135
1366,2017-09-28,62.0,0.0,0.0,6.71,716,131
1367,2017-09-29,64.0,0.0,0.0,10.51,808,151
1368,2017-09-30,61.0,0.0,0.0,7.61,744,137
1369,2017-10-01,59.0,0.0,0.0,10.29,849,153
1370,2017-10-02,69.0,0.0,0.0,12.53,752,135
1371,2017-10-03,73.0,0.0,0.0,14.76,738,148
1372,2017-10-04,71.0,0.03,0.0,7.61,742,136
1373,2017-10-05,65.0,0.01,0.0,5.82,747,152
1374,2017-10-06,64.0,0.3,0.0,8.72,748,144
1375,2017-10-07,69.0,0.43,0.0,17.67,711,132
1376,2017-10-08,65.0,0.0,0.0,7.16,717,139
1377,2017-10-09,66.0,0.0,0.0,5.59,746,148
1378,2017-10-10,62.0,0.78,0.0,13.87,703,107
1379,2017-10-11,59.0,0.79,0.0,12.75,617,112
1380,2017-10-12,58.0,0.0,0.0,6.71,764,149
1381,2017-10-13,61.0,0.0,0.0,8.05,768,139
1382,2017-10-14,64.0,4.19,0.0,8.72,646,120
1383,2017-10-15,60.0,0.2,0.0,15.66,639,105
1384,2017-10-16,52.0,0.0,0.0,7.38,761,115
1385,2017-10-17,57.0,0.0,0.0,11.86,718,117
1386,2017-10-18,59.0,0.0,0.0,12.75,773,139
1387,2017-10-19,61.0,0.0,0.0,6.49,772,140
1388,2017-10-20,61.0,0.0,0.0,8.95,848,154
1389,2017-10-21,67.0,0.0,0.0,14.99,813,131
1390,2017-10-22,66.0,0.37,0.0,13.2,737,152
1391,2017-10-23,52.0,0.73,0.0,9.17,738,128
1392,2017-10-24,48.0,0.87,0.0,12.53,688,128
1393,2017-10-25,44.0,0.0,0.0,6.04,714,125
1394,2017-10-26,47.0,0.0,0.0,11.63,753,149
1395,2017-10-27,45.0,0.0,0.0,15.66,818,129
1396,2017-10-28,38.0,0.0,0.0,10.51,716,138
1397,2017-10-29,40.0,0.0,0.0,8.05,696,129
1398,2017-10-30,45.0,0.0,0.0,16.33,708,128
1399,2017-10-31,38.0,0.0,0.0,11.41,756,119
1400,2017-11-01,39.0,0.23,0.0,9.84,817,135
1401,2017-11-02,47.0,0.02,0.0,5.37,722,139
1402,2017-11-03,44.0,0.0,0.0,10.51,789,138
1403,2017-11-04,46.0,0.48,0.0,7.83,754,135
1404,2017-11-05,49.0,0.02,0.0,7.83,773,156
1405,2017-11-06,41.0,0.0,0.0,9.17,717,148
1406,2017-11-07,40.0,0.0,0.0,9.4,677,126
1407,2017-11-08,37.0,0.0,0.0,4.47,757,132
1408,2017-11-09,39.0,0.0,0.0,13.65,654,146
1409,2017-11-10,24.0,0.0,0.1,8.5,679,127
1410,2017-11-11,29.0,0.0,0.0,8.95,688,137
1411,2017-11-12,38.0,0.13,0.0,4.47,666,120
1412,2017-11-13,36.0,0.0,0.0,6.04,718,119
1413,2017-11-14,39.0,0.0,0.0,10.74,697,119
1414,2017-11-15,48.0,0.17,0.0,15.66,708,121
1415,2017-11-16,36.0,0.0,0.0,9.84,763,166
1416,2017-11-17,38.0,0.14,0.0,13.65,738,147
1417,2017-11-18,43.0,0.54,0.0,15.21,696,118
1418,2017-11-19,35.0,0.0,0.0,13.2,690,139
1419,2017-11-20,38.0,0.0,0.0,17.9,761,134
1420,2017-11-21,43.0,0.02,0.0,14.99,672,132
1421,2017-11-22,29.0,0.0,0.0,7.38,654,129
1422,2017-11-23,36.0,0.0,0.0,8.28,543,76
1423,2017-11-24,44.0,0.0,0.0,13.42,683,123
1424,2017-11-25,49.0,0.0,0.0,12.3,714,137
1425,2017-11-26,38.0,0.0,0.0,7.38,663,151
1426,2017-11-27,44.0,0.0,0.0,7.16,772,125
1427,2017-11-28,55.0,0.0,0.0,15.21,783,170
1428,2017-11-29,43.0,0.0,0.0,7.16,771,127
1429,2017-11-30,46.0,0.0,0.0,10.74,749,139
1430,2017-12-01,41.0,0.0,0.0,4.92,906,173
1431,2017-12-02,42.0,0.0,0.0,4.25,757,172
1432,2017-12-03,43.0,0.0,0.0,6.26,673,104
1433,2017-12-04,55.0,0.16,0.0,21.92,809,156
1434,2017-12-05,41.0,0.0,0.0,21.92,710,138
1435,2017-12-06,31.0,0.0,0.0,13.65,712,121
1436,2017-12-07,25.0,0.0,0.0,12.3,625,103
1437,2017-12-08,25.0,0.01,0.0,12.3,735,140
1438,2017-12-09,30.0,0.03,0.6,13.87,659,126
1439,2017-12-10,26.0,0.0,0.0,10.07,664,127
1440,2017-12-11,31.0,0.08,1.4,9.84,739,130
1441,2017-12-12,24.0,0.0,0.0,13.42,684,116
1442,2017-12-13,26.0,0.0,0.0,16.11,700,135
1443,2017-12-14,24.0,0.0,0.0,8.05,718,127
1444,2017-12-15,26.0,0.0,0.0,11.41,766,127
1445,2017-12-16,38.0,0.0,0.0,7.83,772,158
1446,2017-12-17,35.0,0.0,0.0,4.7,729,134
1447,2017-12-18,42.0,0.01,0.0,11.41,726,127
1448,2017-12-19,43.0,0.0,0.0,12.08,763,123
1449,2017-12-20,34.0,0.0,0.0,8.5,702,132
1450,2017-12-21,35.0,0.0,0.0,8.95,747,132
1451,2017-12-22,38.0,0.0,0.0,6.93,784,132
1452,2017-12-23,31.0,0.0,0.0,9.4,713,118
1453,2017-12-24,21.0,0.18,1.8,8.95,501,81
1454,2017-12-25,16.0,0.01,0.1,12.97,394,53
1455,2017-12-26,2.0,0.0,0.0,9.62,524,96
1456,2017-12-27,1.0,0.0,0.0,7.83,523,101
1457,2017-12-28,6.0,0.03,0.6,7.83,601,115
1458,2017-12-29,12.0,0.08,0.8,6.26,574,108
1459,2017-12-30,9.0,0.0,0.0,13.42,621,97
1460,2017-12-31,4.0,0.0,0.0,11.18,541,114
